_id,REPORT_YEAR,CATEGORY,SUBTYPE,ASSAULT_SUBTYPE,SEX,AGE_GROUP,AGE_COHORT,COUNT_
1,2019,Crimes Against the Person,Assault,Assault Peace Officer,F,Adult,45 to 54,4
2,2019,Crimes Against the Person,Assault,Assault Resist Arrest,F,Adult,55 to 64,2
3,2023,Crimes Against the Person,Assault,Other,U,Adult,35 to 44,7
4,2023,Crimes Against the Person,Assault,Other,F,Adult,65+,490
5,2019,Crimes Against the Person,Other,N/A,M,Adult,35 to 44,311
6,2015,Crimes Against the Person,Other,N/A,U,Adult,25 to 34,1
7,2023,Crimes Against the Person,Assault,Assault Peace Officer,U,Unknown,Unknown,7
8,2017,Crimes Against the Person,Sexual Violation,N/A,M,Adult,65+,6
9,2016,Crimes Against the Person,Assault,Assault Resist Arrest,M,Adult,45 to 54,24
10,2015,Crimes Against the Person,Other,N/A,M,Child,<12,90
11,2021,Crimes Against the Person,Assault,Assault Resist Arrest,F,Adult,35 to 44,10
12,2017,Crimes Against the Person,Assault,Assault Resist Arrest,F,Unknown,Unknown,7
13,2016,Crimes Against the Person,Other,N/A,F,Adult,18 to 24,471
14,2014,Crimes Against the Person,Robbery,N/A,M,Adult,25 to 34,422
15,2017,Crimes Against the Person,Assault,Assault Peace Officer,U,Unknown,Unknown,2
16,2014,Crimes Against the Person,Sexual Violation,N/A,F,Unknown,Unknown,23
17,2019,Crimes Against the Person,Robbery,N/A,U,Adult,25 to 34,5
18,2019,Crimes Against the Person,Assault,Assault Peace Officer,M,Adult,35 to 44,37
19,2021,Crimes Against the Person,Assault,Assault Peace Officer Weapon/Bodily Harm,F,Adult,35 to 44,1
20,2022,Crimes Against the Person,Assault,Assault Peace Officer Weapon/Bodily Harm,M,Adult,35 to 44,8
21,2016,Crimes Against the Person,Assault,Other,M,Child,<12,519
22,2018,Crimes Against the Person,Other,N/A,M,Adult,25 to 34,482
23,2018,Crimes Against the Person,Assault,Other,F,Adult,25 to 34,2166
24,2015,Crimes Against the Person,Other,N/A,F,Adult,25 to 34,858
25,2014,Crimes Against the Person,Assault,Other,F,Unknown,Unknown,94
26,2023,Crimes Against the Person,Assault,Assault Peace Officer,M,Adult,18 to 24,17
27,2023,Crimes Against the Person,Sexual Violation,N/A,F,Adult,25 to 34,597
28,2016,Crimes Against the Person,Assault,Other,U,Adult,55 to 64,1
29,2020,Crimes Against the Person,Sexual Violation,N/A,M,Youth,12 to 17,58
30,2023,Crimes Against the Person,Assault,Other,M,Child,<12,435
31,2014,Crimes Against the Person,Assault,Assault Resist Arrest,M,Adult,65+,1
32,2019,Crimes Against the Person,Assault,Other,M,Youth,12 to 17,713
33,2019,Crimes Against the Person,Robbery,N/A,M,Adult,55 to 64,177
34,2018,Crimes Against the Person,Sexual Violation,N/A,M,Youth,12 to 17,76
35,2017,Crimes Against the Person,Other,N/A,F,Unknown,Unknown,134
36,2016,Crimes Against the Person,Assault,Assault Resist Arrest,M,Unknown,Unknown,67
37,2016,Crimes Against the Person,Sexual Violation,N/A,F,Child,<12,207
38,2017,Crimes Against the Person,Robbery,N/A,F,Adult,18 to 24,215
39,2023,Crimes Against the Person,Robbery,N/A,F,Adult,35 to 44,104
40,2015,Crimes Against the Person,Robbery,N/A,F,Adult,35 to 44,108
41,2018,Crimes Against the Person,Assault,Assault Peace Officer,F,Adult,45 to 54,7
42,2022,Crimes Against the Person,Other,N/A,F,Unknown,Unknown,39
43,2017,Crimes Against the Person,Assault,Assault Resist Arrest,F,Adult,18 to 24,10
44,2023,Crimes Against the Person,Sexual Violation,N/A,F,Adult,65+,63
45,2016,Crimes Against the Person,Sexual Violation,N/A,M,Child,<12,86
46,2015,Crimes Against the Person,Robbery,N/A,F,Child,<12,8
47,2021,Crimes Against the Person,Assault,Assault Peace Officer,M,Adult,65+,31
48,2018,Crimes Against the Person,Assault,Assault Resist Arrest,F,Adult,25 to 34,13
49,2021,Crimes Against the Person,Assault,Other,U,Adult,18 to 24,2
50,2021,Crimes Against the Person,Sexual Violation,N/A,M,Adult,25 to 34,65
51,2018,Crimes Against the Person,Assault,Assault Peace Officer,M,Adult,35 to 44,46
52,2022,Crimes Against the Person,Assault,Assault Resist Arrest,M,Adult,45 to 54,12
53,2022,Crimes Against the Person,Assault,Assault Peace Officer,F,Adult,25 to 34,24
54,2022,Crimes Against the Person,Sexual Violation,N/A,M,Adult,25 to 34,61
55,2017,Crimes Against the Person,Sexual Violation,N/A,M,Adult,25 to 34,32
56,2017,Crimes Against the Person,Robbery,N/A,M,Child,<12,19
57,2017,Crimes Against the Person,Assault,Assault Peace Officer,F,Unknown,Unknown,91
58,2018,Crimes Against the Person,Sexual Violation,N/A,U,Unknown,Unknown,5
59,2023,Crimes Against the Person,Other,N/A,U,Youth,12 to 17,1
60,2015,Crimes Against the Person,Assault,Assault Peace Officer,F,Adult,25 to 34,4
61,2022,Crimes Against the Person,Assault,Assault Peace Officer,U,Unknown,Unknown,7
62,2020,Crimes Against the Person,Other,N/A,U,Adult,25 to 34,1
63,2015,Crimes Against the Person,Assault,Assault Resist Arrest,M,Adult,35 to 44,31
64,2018,Crimes Against the Person,Assault,Other,U,Adult,45 to 54,1
65,2023,Crimes Against the Person,Assault,Other,M,Adult,45 to 54,1253
66,2018,Crimes Against the Person,Assault,Assault Resist Arrest,F,Adult,55 to 64,2
67,2021,Crimes Against the Person,Robbery,N/A,M,Adult,18 to 24,299
68,2018,Crimes Against the Person,Sexual Violation,N/A,M,Adult,35 to 44,33
69,2023,Crimes Against the Person,Robbery,N/A,M,Adult,65+,83
70,2018,Crimes Against the Person,Assault,Assault Peace Officer,M,Adult,45 to 54,53
71,2020,Crimes Against the Person,Assault,Other,M,Adult,18 to 24,1060
72,2019,Crimes Against the Person,Robbery,N/A,M,Child,<12,12
73,2022,Crimes Against the Person,Sexual Violation,N/A,F,Adult,55 to 64,75
74,2014,Crimes Against the Person,Assault,Other,F,Adult,35 to 44,1276
75,2017,Crimes Against the Person,Sexual Violation,N/A,F,Unknown,Unknown,31
76,2020,Crimes Against the Person,Other,N/A,F,Child,<12,51
77,2018,Crimes Against the Person,Assault,Other,M,Adult,25 to 34,1972
78,2015,Crimes Against the Person,Sexual Violation,N/A,F,Adult,25 to 34,363
79,2018,Crimes Against the Person,Assault,Assault Resist Arrest,F,Unknown,Unknown,8
80,2018,Crimes Against the Person,Assault,Other,M,Youth,12 to 17,592
81,2019,Crimes Against the Person,Robbery,N/A,M,Adult,65+,85
82,2023,Crimes Against the Person,Assault,Assault Resist Arrest,M,Adult,45 to 54,13
83,2020,Crimes Against the Person,Robbery,N/A,F,Youth,12 to 17,49
84,2014,Crimes Against the Person,Assault,Assault Peace Officer,F,Adult,55 to 64,1
85,2020,Crimes Against the Person,Assault,Assault Peace Officer Weapon/Bodily Harm,M,Adult,25 to 34,3
86,2016,Crimes Against the Person,Robbery,N/A,M,Child,<12,17
87,2021,Crimes Against the Person,Assault,Other,U,Adult,35 to 44,3
88,2016,Crimes Against the Person,Robbery,N/A,M,Adult,35 to 44,222
89,2022,Crimes Against the Person,Other,N/A,M,Youth,12 to 17,148
90,2014,Crimes Against the Person,Other,N/A,M,Adult,35 to 44,378
91,2022,Crimes Against the Person,Assault,Other,M,Youth,12 to 17,591
92,2022,Crimes Against the Person,Other,N/A,F,Adult,18 to 24,286
93,2020,Crimes Against the Person,Other,N/A,U,Adult,18 to 24,1
94,2021,Crimes Against the Person,Assault,Other,M,Adult,35 to 44,1561
95,2022,Crimes Against the Person,Assault,Assault Resist Arrest,F,Adult,18 to 24,2
96,2019,Crimes Against the Person,Assault,Assault Peace Officer Weapon/Bodily Harm,M,Adult,45 to 54,6
97,2018,Crimes Against the Person,Assault,Assault Peace Officer,F,Adult,55 to 64,2
98,2018,Crimes Against the Person,Robbery,N/A,F,Adult,65+,58
99,2022,Crimes Against the Person,Assault,Assault Peace Officer,M,Adult,25 to 34,61
100,2015,Crimes Against the Person,Sexual Violation,N/A,M,Adult,45 to 54,14
101,2017,Crimes Against the Person,Assault,Other,U,Adult,25 to 34,1
102,2015,Crimes Against the Person,Other,N/A,F,Adult,55 to 64,184
103,2023,Crimes Against the Person,Assault,Other,M,Adult,25 to 34,2482
104,2022,Crimes Against the Person,Assault,Assault Peace Officer Weapon/Bodily Harm,M,Adult,45 to 54,1
105,2022,Crimes Against the Person,Robbery,N/A,M,Child,<12,13
106,2023,Crimes Against the Person,Sexual Violation,N/A,F,Unknown,Unknown,18
107,2023,Crimes Against the Person,Assault,Assault Peace Officer Weapon/Bodily Harm,F,Adult,45 to 54,1
108,2022,Crimes Against the Person,Robbery,N/A,F,Child,<12,6
109,2015,Crimes Against the Person,Assault,Other,M,Adult,18 to 24,1255
110,2015,Crimes Against the Person,Robbery,N/A,F,Youth,12 to 17,66
111,2019,Crimes Against the Person,Sexual Violation,N/A,M,Adult,45 to 54,17
112,2023,Crimes Against the Person,Assault,Assault Peace Officer,M,Adult,45 to 54,30
113,2019,Crimes Against the Person,Assault,Assault Peace Officer,M,Adult,25 to 34,69
114,2016,Crimes Against the Person,Assault,Assault Peace Officer Weapon/Bodily Harm,M,Adult,25 to 34,1
115,2014,Crimes Against the Person,Other,N/A,F,Adult,45 to 54,398
116,2017,Crimes Against the Person,Robbery,N/A,F,Youth,12 to 17,95
117,2021,Crimes Against the Person,Robbery,N/A,F,Adult,45 to 54,66
118,2014,Crimes Against the Person,Assault,Assault Peace Officer,F,Unknown,Unknown,55
119,2023,Crimes Against the Person,Assault,Other,F,Adult,18 to 24,1427
120,2016,Crimes Against the Person,Robbery,N/A,F,Adult,25 to 34,185
121,2022,Crimes Against the Person,Sexual Violation,N/A,M,Adult,65+,6
122,2021,Crimes Against the Person,Assault,Assault Peace Officer Weapon/Bodily Harm,M,Adult,55 to 64,3
123,2020,Crimes Against the Person,Assault,Assault Peace Officer Weapon/Bodily Harm,F,Unknown,Unknown,12
124,2014,Crimes Against the Person,Robbery,N/A,M,Child,<12,29
125,2020,Crimes Against the Person,Assault,Other,U,Unknown,Unknown,55
126,2022,Crimes Against the Person,Assault,Assault Resist Arrest,M,Unknown,Unknown,31
127,2016,Crimes Against the Person,Sexual Violation,N/A,M,Adult,45 to 54,11
128,2014,Crimes Against the Person,Robbery,N/A,F,Adult,35 to 44,120
129,2017,Crimes Against the Person,Assault,Other,M,Adult,18 to 24,1315
130,2016,Crimes Against the Person,Robbery,N/A,M,Adult,65+,63
131,2020,Crimes Against the Person,Other,N/A,F,Adult,55 to 64,127
132,2014,Crimes Against the Person,Sexual Violation,N/A,M,Unknown,Unknown,4
133,2023,Crimes Against the Person,Assault,Assault Peace Officer,M,Adult,25 to 34,92
134,2017,Crimes Against the Person,Robbery,N/A,F,Adult,25 to 34,199
135,2016,Crimes Against the Person,Assault,Other,U,Adult,18 to 24,1
136,2016,Crimes Against the Person,Sexual Violation,N/A,M,Adult,65+,2
137,2017,Crimes Against the Person,Other,N/A,M,Adult,45 to 54,370
138,2021,Crimes Against the Person,Sexual Violation,N/A,F,Adult,65+,51
139,2018,Crimes Against the Person,Assault,Other,F,Unknown,Unknown,134
140,2016,Crimes Against the Person,Other,N/A,M,Adult,55 to 64,214
141,2019,Crimes Against the Person,Sexual Violation,N/A,M,Adult,18 to 24,61
142,2018,Crimes Against the Person,Robbery,N/A,M,Child,<12,7
143,2023,Crimes Against the Person,Assault,Other,U,Unknown,Unknown,4
144,2014,Crimes Against the Person,Sexual Violation,N/A,F,Youth,12 to 17,400
145,2022,Crimes Against the Person,Other,N/A,F,Adult,55 to 64,151
146,2018,Crimes Against the Person,Robbery,N/A,M,Adult,25 to 34,462
147,2017,Crimes Against the Person,Robbery,N/A,M,Adult,55 to 64,180
148,2015,Crimes Against the Person,Other,N/A,M,Adult,65+,139
149,2021,Crimes Against the Person,Sexual Violation,N/A,F,Adult,18 to 24,458
150,2015,Crimes Against the Person,Assault,Assault Resist Arrest,F,Adult,18 to 24,10
151,2014,Crimes Against the Person,Robbery,N/A,F,Unknown,Unknown,16
152,2018,Crimes Against the Person,Sexual Violation,N/A,F,Unknown,Unknown,37
153,2020,Crimes Against the Person,Robbery,N/A,M,Adult,35 to 44,204
154,2014,Crimes Against the Person,Assault,Aggravated Peace Officer,M,Adult,55 to 64,1
155,2023,Crimes Against the Person,Sexual Violation,N/A,M,Unknown,Unknown,3
156,2019,Crimes Against the Person,Assault,Assault Peace Officer,M,Adult,18 to 24,7
157,2014,Crimes Against the Person,Other,N/A,F,Adult,65+,83
158,2014,Crimes Against the Person,Assault,Assault Peace Officer,M,Adult,18 to 24,2
159,2020,Crimes Against the Person,Robbery,N/A,M,Youth,12 to 17,235
160,2022,Crimes Against the Person,Assault,Other,F,Unknown,Unknown,77
161,2019,Crimes Against the Person,Assault,Assault Resist Arrest,M,Adult,25 to 34,91
162,2020,Crimes Against the Person,Sexual Violation,N/A,F,Adult,55 to 64,51
163,2014,Crimes Against the Person,Assault,Assault Resist Arrest,F,Adult,25 to 34,22
164,2016,Crimes Against the Person,Robbery,N/A,U,Youth,12 to 17,2
165,2019,Crimes Against the Person,Sexual Violation,N/A,F,Child,<12,235
166,2020,Crimes Against the Person,Assault,Assault Resist Arrest,M,Unknown,Unknown,40
167,2022,Crimes Against the Person,Assault,Assault Peace Officer Weapon/Bodily Harm,M,Unknown,Unknown,80
168,2017,Crimes Against the Person,Other,N/A,M,Unknown,Unknown,146
169,2019,Crimes Against the Person,Sexual Violation,N/A,F,Adult,25 to 34,451
170,2015,Crimes Against the Person,Sexual Violation,N/A,M,Child,<12,100
171,2017,Crimes Against the Person,Assault,Assault Peace Officer,F,Adult,25 to 34,17
172,2020,Crimes Against the Person,Assault,Other,F,Youth,12 to 17,346
173,2015,Crimes Against the Person,Assault,Assault Resist Arrest,M,Adult,18 to 24,34
174,2018,Crimes Against the Person,Robbery,N/A,M,Adult,65+,89
175,2022,Crimes Against the Person,Sexual Violation,N/A,F,Adult,25 to 34,531
176,2020,Crimes Against the Person,Sexual Violation,N/A,F,Youth,12 to 17,390
177,2016,Crimes Against the Person,Sexual Violation,N/A,U,Youth,12 to 17,1
178,2016,Crimes Against the Person,Robbery,N/A,M,Youth,12 to 17,699
179,2016,Crimes Against the Person,Assault,Other,F,Child,<12,260
180,2019,Crimes Against the Person,Other,N/A,F,Adult,65+,79
181,2020,Crimes Against the Person,Robbery,N/A,M,Unknown,Unknown,22
182,2022,Crimes Against the Person,Other,N/A,M,Adult,65+,81
183,2022,Crimes Against the Person,Assault,Other,M,Adult,18 to 24,1211
184,2021,Crimes Against the Person,Other,N/A,U,Adult,35 to 44,2
185,2015,Crimes Against the Person,Sexual Violation,N/A,M,Adult,35 to 44,15
186,2021,Crimes Against the Person,Assault,Assault Peace Officer Weapon/Bodily Harm,M,Unknown,Unknown,44
187,2017,Crimes Against the Person,Robbery,N/A,M,Unknown,Unknown,38
188,2023,Crimes Against the Person,Robbery,N/A,F,Adult,65+,46
189,2023,Crimes Against the Person,Assault,Assault Peace Officer Weapon/Bodily Harm,M,Adult,55 to 64,2
190,2016,Crimes Against the Person,Sexual Violation,N/A,F,Adult,18 to 24,513
191,2020,Crimes Against the Person,Assault,Other,M,Adult,35 to 44,1362
192,2016,Crimes Against the Person,Assault,Assault Resist Arrest,M,Adult,35 to 44,42
193,2014,Crimes Against the Person,Assault,Assault Peace Officer,F,Adult,45 to 54,1
194,2016,Crimes Against the Person,Assault,Other,M,Adult,55 to 64,759
195,2014,Crimes Against the Person,Other,N/A,F,Adult,25 to 34,689
196,2016,Crimes Against the Person,Other,N/A,F,Adult,45 to 54,424
197,2023,Crimes Against the Person,Assault,Aggravated Peace Officer,M,Unknown,Unknown,1
198,2023,Crimes Against the Person,Assault,Assault Resist Arrest,F,Adult,18 to 24,2
199,2018,Crimes Against the Person,Assault,Other,M,Adult,65+,439
200,2022,Crimes Against the Person,Other,N/A,M,Child,<12,64
201,2023,Crimes Against the Person,Robbery,N/A,M,Child,<12,20
202,2018,Crimes Against the Person,Assault,Other,M,Adult,45 to 54,1363
203,2019,Crimes Against the Person,Robbery,N/A,U,Adult,35 to 44,1
204,2021,Crimes Against the Person,Other,N/A,F,Adult,55 to 64,149
205,2016,Crimes Against the Person,Sexual Violation,N/A,M,Unknown,Unknown,11
206,2017,Crimes Against the Person,Assault,Other,F,Unknown,Unknown,92
207,2017,Crimes Against the Person,Robbery,N/A,U,Unknown,Unknown,1
208,2020,Crimes Against the Person,Assault,Other,F,Adult,18 to 24,1269
209,2019,Crimes Against the Person,Assault,Assault Resist Arrest,F,Adult,25 to 34,10
210,2014,Crimes Against the Person,Assault,Assault Peace Officer,M,Unknown,Unknown,281
211,2014,Crimes Against the Person,Robbery,N/A,M,Adult,65+,86
212,2023,Crimes Against the Person,Assault,Assault Peace Officer Weapon/Bodily Harm,F,Adult,25 to 34,2
213,2016,Crimes Against the Person,Assault,Assault Peace Officer,F,Unknown,Unknown,74
214,2016,Crimes Against the Person,Assault,Aggravated Peace Officer,M,Unknown,Unknown,1
215,2021,Crimes Against the Person,Assault,Assault Peace Officer,F,Adult,35 to 44,4
216,2022,Crimes Against the Person,Assault,Assault Resist Arrest,F,Adult,65+,1
217,2017,Crimes Against the Person,Assault,Assault Peace Officer,M,Adult,55 to 64,4
218,2021,Crimes Against the Person,Assault,Other,U,Adult,45 to 54,6
219,2021,Crimes Against the Person,Robbery,N/A,F,Adult,25 to 34,136
220,2022,Crimes Against the Person,Robbery,N/A,M,Adult,65+,92
221,2020,Crimes Against the Person,Robbery,N/A,M,Adult,65+,84
222,2014,Crimes Against the Person,Assault,Assault Peace Officer,M,Adult,35 to 44,19
223,2015,Crimes Against the Person,Assault,Other,F,Unknown,Unknown,73
224,2023,Crimes Against the Person,Robbery,N/A,F,Youth,12 to 17,50
225,2018,Crimes Against the Person,Robbery,N/A,F,Adult,55 to 64,85
226,2018,Crimes Against the Person,Assault,Assault Resist Arrest,M,Unknown,Unknown,69
227,2020,Crimes Against the Person,Assault,Assault Peace Officer Weapon/Bodily Harm,M,Adult,45 to 54,7
228,2020,Crimes Against the Person,Sexual Violation,N/A,U,Adult,25 to 34,1
229,2023,Crimes Against the Person,Robbery,N/A,M,Adult,55 to 64,135
230,2021,Crimes Against the Person,Robbery,N/A,M,Adult,25 to 34,334
231,2016,Crimes Against the Person,Assault,Assault Peace Officer Weapon/Bodily Harm,F,Adult,45 to 54,1
232,2017,Crimes Against the Person,Sexual Violation,N/A,M,Adult,18 to 24,62
233,2021,Crimes Against the Person,Assault,Other,F,Adult,55 to 64,590
234,2015,Crimes Against the Person,Assault,Assault Peace Officer,F,Adult,35 to 44,7
235,2022,Crimes Against the Person,Robbery,N/A,F,Adult,65+,60
236,2014,Crimes Against the Person,Other,N/A,M,Adult,25 to 34,412
237,2019,Crimes Against the Person,Assault,Other,F,Adult,65+,448
238,2022,Crimes Against the Person,Sexual Violation,N/A,M,Youth,12 to 17,93
239,2022,Crimes Against the Person,Assault,Other,F,Adult,45 to 54,1026
240,2022,Crimes Against the Person,Other,N/A,M,Unknown,Unknown,79
241,2018,Crimes Against the Person,Assault,Assault Peace Officer,M,Unknown,Unknown,332
242,2019,Crimes Against the Person,Assault,Other,M,Adult,35 to 44,1567
243,2019,Crimes Against the Person,Assault,Assault Peace Officer,F,Adult,18 to 24,1
244,2015,Crimes Against the Person,Robbery,N/A,U,Adult,18 to 24,1
245,2019,Crimes Against the Person,Sexual Violation,N/A,M,Adult,35 to 44,22
246,2019,Crimes Against the Person,Assault,Other,M,Adult,25 to 34,2111
247,2018,Crimes Against the Person,Assault,Other,F,Adult,65+,396
248,2015,Crimes Against the Person,Assault,Assault Peace Officer Weapon/Bodily Harm,M,Adult,55 to 64,1
249,2015,Crimes Against the Person,Assault,Assault Resist Arrest,F,Adult,55 to 64,2
250,2017,Crimes Against the Person,Assault,Other,M,Child,<12,488
251,2016,Crimes Against the Person,Assault,Assault Peace Officer,M,Adult,45 to 54,13
252,2017,Crimes Against the Person,Sexual Violation,N/A,M,Unknown,Unknown,3
253,2022,Crimes Against the Person,Assault,Other,U,Adult,65+,1
254,2020,Crimes Against the Person,Assault,Other,M,Adult,65+,506
255,2017,Crimes Against the Person,Other,N/A,F,Adult,55 to 64,203
256,2020,Crimes Against the Person,Robbery,N/A,F,Unknown,Unknown,9
257,2015,Crimes Against the Person,Other,N/A,F,Adult,18 to 24,534
258,2014,Crimes Against the Person,Assault,Assault Peace Officer,M,Adult,45 to 54,14
259,2018,Crimes Against the Person,Other,N/A,M,Child,<12,65
260,2017,Crimes Against the Person,Sexual Violation,N/A,F,Adult,45 to 54,112
261,2017,Crimes Against the Person,Sexual Violation,N/A,F,Youth,12 to 17,467
262,2022,Crimes Against the Person,Assault,Assault Resist Arrest,F,Adult,35 to 44,2
263,2017,Crimes Against the Person,Assault,Other,U,Unknown,Unknown,23
264,2018,Crimes Against the Person,Assault,Other,F,Adult,55 to 64,492
265,2018,Crimes Against the Person,Assault,Assault Peace Officer Weapon/Bodily Harm,F,Adult,65+,1
266,2017,Crimes Against the Person,Sexual Violation,N/A,F,Child,<12,217
267,2018,Crimes Against the Person,Other,N/A,U,Adult,35 to 44,2
268,2019,Crimes Against the Person,Assault,Assault Peace Officer,F,Unknown,Unknown,74
269,2023,Crimes Against the Person,Assault,Other,F,Adult,25 to 34,2602
270,2016,Crimes Against the Person,Assault,Assault Resist Arrest,M,Adult,65+,2
271,2019,Crimes Against the Person,Robbery,N/A,F,Adult,25 to 34,154
272,2016,Crimes Against the Person,Assault,Assault Resist Arrest,F,Adult,18 to 24,11
273,2022,Crimes Against the Person,Robbery,N/A,F,Unknown,Unknown,13
274,2015,Crimes Against the Person,Sexual Violation,N/A,M,Adult,18 to 24,41
275,2020,Crimes Against the Person,Assault,Assault Peace Officer,M,Unknown,Unknown,291
276,2018,Crimes Against the Person,Other,N/A,M,Adult,65+,96
277,2019,Crimes Against the Person,Other,N/A,F,Adult,55 to 64,164
278,2023,Crimes Against the Person,Assault,Other,U,Adult,65+,1
279,2021,Crimes Against the Person,Assault,Assault Resist Arrest,M,Adult,25 to 34,42
280,2023,Crimes Against the Person,Robbery,N/A,F,Adult,55 to 64,59
281,2022,Crimes Against the Person,Assault,Other,F,Adult,55 to 64,631
282,2020,Crimes Against the Person,Assault,Assault Resist Arrest,F,Adult,18 to 24,2
283,2020,Crimes Against the Person,Assault,Assault Peace Officer,M,Adult,25 to 34,57
284,2022,Crimes Against the Person,Assault,Other,U,Youth,12 to 17,2
285,2016,Crimes Against the Person,Robbery,N/A,F,Adult,55 to 64,97
286,2020,Crimes Against the Person,Assault,Assault Resist Arrest,M,Adult,35 to 44,19
287,2014,Crimes Against the Person,Assault,Other,M,Adult,65+,285
288,2023,Crimes Against the Person,Assault,Assault Resist Arrest,F,Adult,25 to 34,10
289,2015,Crimes Against the Person,Other,N/A,M,Adult,45 to 54,440
290,2014,Crimes Against the Person,Robbery,N/A,U,Unknown,Unknown,1
291,2023,Crimes Against the Person,Robbery,N/A,F,Adult,18 to 24,126
292,2021,Crimes Against the Person,Assault,Assault Peace Officer,M,Adult,35 to 44,49
293,2018,Crimes Against the Person,Robbery,N/A,F,Unknown,Unknown,10
294,2014,Crimes Against the Person,Sexual Violation,N/A,M,Youth,12 to 17,70
295,2019,Crimes Against the Person,Other,N/A,M,Adult,55 to 64,199
296,2023,Crimes Against the Person,Other,N/A,U,Unknown,Unknown,6
297,2021,Crimes Against the Person,Other,N/A,F,Adult,18 to 24,280
298,2016,Crimes Against the Person,Assault,Other,M,Unknown,Unknown,180
299,2021,Crimes Against the Person,Assault,Other,M,Adult,65+,516
300,2014,Crimes Against the Person,Other,N/A,F,Adult,18 to 24,474
301,2017,Crimes Against the Person,Sexual Violation,N/A,F,Adult,18 to 24,513
302,2021,Crimes Against the Person,Other,N/A,M,Youth,12 to 17,97
303,2023,Crimes Against the Person,Assault,Assault Peace Officer,M,Adult,35 to 44,52
304,2021,Crimes Against the Person,Assault,Assault Peace Officer Weapon/Bodily Harm,U,Unknown,Unknown,3
305,2016,Crimes Against the Person,Sexual Violation,N/A,M,Adult,25 to 34,25
306,2018,Crimes Against the Person,Other,N/A,F,Adult,55 to 64,168
307,2020,Crimes Against the Person,Sexual Violation,N/A,F,Adult,18 to 24,446
308,2015,Crimes Against the Person,Assault,Other,U,Adult,18 to 24,1
309,2015,Crimes Against the Person,Assault,Assault Peace Officer,F,Adult,45 to 54,2
310,2016,Crimes Against the Person,Robbery,N/A,M,Adult,55 to 64,162
311,2020,Crimes Against the Person,Robbery,N/A,F,Child,<12,4
312,2021,Crimes Against the Person,Assault,Assault Resist Arrest,M,Adult,55 to 64,3
313,2014,Crimes Against the Person,Assault,Assault Peace Officer Weapon/Bodily Harm,M,Adult,45 to 54,1
314,2014,Crimes Against the Person,Other,N/A,F,Adult,35 to 44,497
315,2019,Crimes Against the Person,Assault,Assault Resist Arrest,F,Adult,18 to 24,13
316,2019,Crimes Against the Person,Assault,Assault Peace Officer,F,Adult,35 to 44,11
317,2019,Crimes Against the Person,Assault,Assault Peace Officer,M,Adult,65+,15
318,2019,Crimes Against the Person,Robbery,N/A,F,Adult,45 to 54,102
319,2023,Crimes Against the Person,Assault,Assault Peace Officer,U,Adult,25 to 34,1
320,2017,Crimes Against the Person,Assault,Assault Peace Officer,M,Adult,65+,3
321,2016,Crimes Against the Person,Other,N/A,U,Adult,35 to 44,2
322,2022,Crimes Against the Person,Sexual Violation,N/A,F,Adult,45 to 54,155
323,2019,Crimes Against the Person,Assault,Other,M,Adult,55 to 64,985
324,2019,Crimes Against the Person,Assault,Other,U,Child,<12,2
325,2017,Crimes Against the Person,Assault,Assault Peace Officer,F,Adult,45 to 54,7
326,2023,Crimes Against the Person,Robbery,N/A,M,Adult,35 to 44,221
327,2021,Crimes Against the Person,Assault,Assault Resist Arrest,F,Adult,65+,4
328,2017,Crimes Against the Person,Other,N/A,M,Adult,35 to 44,387
329,2018,Crimes Against the Person,Other,N/A,F,Unknown,Unknown,107
330,2015,Crimes Against the Person,Sexual Violation,N/A,M,Adult,25 to 34,31
331,2017,Crimes Against the Person,Assault,Assault Resist Arrest,M,Adult,55 to 64,7
332,2015,Crimes Against the Person,Assault,Other,M,Unknown,Unknown,211
333,2022,Crimes Against the Person,Robbery,N/A,U,Adult,18 to 24,1
334,2017,Crimes Against the Person,Assault,Assault Resist Arrest,F,Adult,25 to 34,15
335,2019,Crimes Against the Person,Assault,Aggravated Peace Officer,F,Unknown,Unknown,1
336,2022,Crimes Against the Person,Robbery,N/A,M,Adult,45 to 54,149
337,2021,Crimes Against the Person,Robbery,N/A,M,Adult,45 to 54,130
338,2017,Crimes Against the Person,Other,N/A,M,Child,<12,61
339,2023,Crimes Against the Person,Assault,Assault Peace Officer Weapon/Bodily Harm,M,Adult,45 to 54,3
340,2015,Crimes Against the Person,Robbery,N/A,M,Adult,18 to 24,631
341,2015,Crimes Against the Person,Assault,Assault Resist Arrest,F,Adult,65+,1
342,2020,Crimes Against the Person,Sexual Violation,N/A,M,Adult,65+,3
343,2020,Crimes Against the Person,Assault,Other,M,Adult,55 to 64,1001
344,2014,Crimes Against the Person,Assault,Other,F,Adult,25 to 34,1905
345,2023,Crimes Against the Person,Sexual Violation,N/A,U,Adult,45 to 54,1
346,2021,Crimes Against the Person,Assault,Other,M,Child,<12,301
347,2018,Crimes Against the Person,Sexual Violation,N/A,F,Adult,65+,51
348,2019,Crimes Against the Person,Robbery,N/A,M,Adult,25 to 34,472
349,2022,Crimes Against the Person,Robbery,N/A,F,Adult,18 to 24,147
350,2019,Crimes Against the Person,Other,N/A,F,Adult,18 to 24,358
351,2021,Crimes Against the Person,Other,N/A,M,Adult,25 to 34,332
352,2021,Crimes Against the Person,Other,N/A,F,Youth,12 to 17,127
353,2023,Crimes Against the Person,Sexual Violation,N/A,M,Adult,55 to 64,12
354,2014,Crimes Against the Person,Sexual Violation,N/A,M,Adult,65+,2
355,2019,Crimes Against the Person,Assault,Assault Resist Arrest,M,Adult,45 to 54,30
356,2017,Crimes Against the Person,Assault,Assault Peace Officer,M,Adult,25 to 34,51
357,2021,Crimes Against the Person,Sexual Violation,N/A,F,Youth,12 to 17,508
358,2016,Crimes Against the Person,Sexual Violation,N/A,F,Adult,35 to 44,181
359,2023,Crimes Against the Person,Sexual Violation,N/A,U,Youth,12 to 17,1
360,2023,Crimes Against the Person,Assault,Assault Resist Arrest,F,Adult,45 to 54,3
361,2019,Crimes Against the Person,Assault,Assault Peace Officer Weapon/Bodily Harm,M,Adult,35 to 44,4
362,2019,Crimes Against the Person,Assault,Assault Peace Officer,F,Adult,65+,1
363,2022,Crimes Against the Person,Assault,Assault Peace Officer,F,Adult,45 to 54,3
364,2016,Crimes Against the Person,Other,N/A,M,Unknown,Unknown,172
365,2020,Crimes Against the Person,Robbery,N/A,F,Adult,65+,46
366,2019,Crimes Against the Person,Assault,Assault Peace Officer,F,Adult,55 to 64,1
367,2018,Crimes Against the Person,Robbery,N/A,F,Adult,35 to 44,116
368,2022,Crimes Against the Person,Robbery,N/A,F,Youth,12 to 17,58
369,2016,Crimes Against the Person,Assault,Assault Peace Officer,F,Adult,35 to 44,5
370,2017,Crimes Against the Person,Assault,Other,M,Adult,45 to 54,1316
371,2019,Crimes Against the Person,Sexual Violation,N/A,U,Youth,12 to 17,2
372,2015,Crimes Against the Person,Assault,Assault Peace Officer,U,Unknown,Unknown,1
373,2016,Crimes Against the Person,Assault,Assault Peace Officer,F,Adult,25 to 34,14
374,2015,Crimes Against the Person,Robbery,N/A,M,Youth,12 to 17,615
375,2020,Crimes Against the Person,Assault,Assault Resist Arrest,F,Adult,55 to 64,1
376,2021,Crimes Against the Person,Assault,Assault Resist Arrest,U,Unknown,Unknown,1
377,2015,Crimes Against the Person,Robbery,N/A,F,Adult,45 to 54,135
378,2019,Crimes Against the Person,Assault,Assault Resist Arrest,F,Adult,65+,1
379,2020,Crimes Against the Person,Assault,Other,U,Adult,45 to 54,2
380,2022,Crimes Against the Person,Sexual Violation,N/A,F,Adult,65+,62
381,2017,Crimes Against the Person,Robbery,N/A,M,Youth,12 to 17,750
382,2021,Crimes Against the Person,Sexual Violation,N/A,M,Adult,18 to 24,46
383,2021,Crimes Against the Person,Other,N/A,F,Unknown,Unknown,45
384,2023,Crimes Against the Person,Assault,Other,M,Adult,55 to 64,1106
385,2022,Crimes Against the Person,Sexual Violation,N/A,M,Adult,18 to 24,57
386,2017,Crimes Against the Person,Robbery,N/A,F,Child,<12,6
387,2022,Crimes Against the Person,Assault,Assault Peace Officer,F,Adult,35 to 44,11
388,2022,Crimes Against the Person,Other,N/A,M,Adult,55 to 64,168
389,2017,Crimes Against the Person,Assault,Assault Resist Arrest,F,Adult,55 to 64,4
390,2016,Crimes Against the Person,Assault,Assault Peace Officer,M,Adult,25 to 34,33
391,2021,Crimes Against the Person,Assault,Other,U,Adult,25 to 34,5
392,2023,Crimes Against the Person,Assault,Assault Peace Officer,M,Adult,65+,79
393,2015,Crimes Against the Person,Robbery,N/A,M,Child,<12,16
394,2018,Crimes Against the Person,Other,N/A,M,Adult,18 to 24,321
395,2018,Crimes Against the Person,Assault,Assault Peace Officer Weapon/Bodily Harm,M,Unknown,Unknown,25
396,2020,Crimes Against the Person,Assault,Assault Resist Arrest,F,Unknown,Unknown,5
397,2020,Crimes Against the Person,Assault,Other,F,Adult,25 to 34,2234
398,2015,Crimes Against the Person,Robbery,N/A,M,Unknown,Unknown,29
399,2020,Crimes Against the Person,Sexual Violation,N/A,M,Adult,45 to 54,15
400,2018,Crimes Against the Person,Assault,Assault Peace Officer,U,Unknown,Unknown,1
401,2023,Crimes Against the Person,Other,N/A,M,Youth,12 to 17,219
402,2022,Crimes Against the Person,Robbery,N/A,M,Youth,12 to 17,255
403,2015,Crimes Against the Person,Assault,Other,M,Adult,65+,335
404,2016,Crimes Against the Person,Assault,Other,M,Adult,45 to 54,1326
405,2020,Crimes Against the Person,Assault,Assault Peace Officer Weapon/Bodily Harm,M,Adult,35 to 44,9
406,2022,Crimes Against the Person,Robbery,N/A,M,Adult,35 to 44,227
407,2021,Crimes Against the Person,Assault,Assault Resist Arrest,M,Adult,45 to 54,15
408,2021,Crimes Against the Person,Robbery,N/A,M,Youth,12 to 17,198
409,2014,Crimes Against the Person,Assault,Assault Resist Arrest,F,Adult,45 to 54,1
410,2019,Crimes Against the Person,Robbery,N/A,F,Adult,55 to 64,89
411,2019,Crimes Against the Person,Assault,Other,M,Unknown,Unknown,224
412,2019,Crimes Against the Person,Assault,Assault Peace Officer Weapon/Bodily Harm,M,Adult,55 to 64,1
413,2015,Crimes Against the Person,Sexual Violation,N/A,F,Adult,65+,33
414,2018,Crimes Against the Person,Other,N/A,F,Child,<12,79
415,2016,Crimes Against the Person,Other,N/A,U,Adult,25 to 34,1
416,2015,Crimes Against the Person,Sexual Violation,N/A,F,Adult,35 to 44,180
417,2022,Crimes Against the Person,Other,N/A,F,Child,<12,53
418,2020,Crimes Against the Person,Assault,Assault Peace Officer,M,Adult,35 to 44,25
419,2015,Crimes Against the Person,Other,N/A,M,Unknown,Unknown,170
420,2018,Crimes Against the Person,Other,N/A,M,Adult,45 to 54,388
421,2022,Crimes Against the Person,Sexual Violation,N/A,F,Youth,12 to 17,576
422,2014,Crimes Against the Person,Assault,Assault Resist Arrest,M,Adult,35 to 44,35
423,2023,Crimes Against the Person,Robbery,N/A,F,Adult,45 to 54,94
424,2015,Crimes Against the Person,Assault,Other,M,Adult,35 to 44,1215
425,2017,Crimes Against the Person,Robbery,N/A,M,Adult,45 to 54,243
426,2019,Crimes Against the Person,Assault,Other,F,Unknown,Unknown,128
427,2018,Crimes Against the Person,Robbery,N/A,M,Adult,18 to 24,715
428,2021,Crimes Against the Person,Assault,Assault Peace Officer,F,Adult,45 to 54,1
429,2022,Crimes Against the Person,Robbery,N/A,U,Adult,25 to 34,1
430,2015,Crimes Against the Person,Assault,Assault Resist Arrest,M,Unknown,Unknown,86
431,2020,Crimes Against the Person,Assault,Other,U,Adult,18 to 24,2
432,2015,Crimes Against the Person,Robbery,N/A,F,Adult,55 to 64,78
433,2018,Crimes Against the Person,Sexual Violation,N/A,F,Child,<12,215
434,2022,Crimes Against the Person,Assault,Other,M,Child,<12,334
435,2023,Crimes Against the Person,Assault,Assault Resist Arrest,F,Adult,65+,5
436,2022,Crimes Against the Person,Assault,Other,U,Unknown,Unknown,22
437,2015,Crimes Against the Person,Assault,Other,F,Adult,55 to 64,438
438,2022,Crimes Against the Person,Sexual Violation,N/A,M,Unknown,Unknown,7
439,2015,Crimes Against the Person,Assault,Assault Resist Arrest,F,Adult,35 to 44,4
440,2016,Crimes Against the Person,Sexual Violation,N/A,M,Adult,55 to 64,6
441,2020,Crimes Against the Person,Assault,Other,M,Unknown,Unknown,183
442,2017,Crimes Against the Person,Robbery,N/A,F,Adult,35 to 44,117
443,2019,Crimes Against the Person,Sexual Violation,N/A,F,Adult,45 to 54,130
444,2019,Crimes Against the Person,Assault,Other,U,Adult,25 to 34,1
445,2020,Crimes Against the Person,Assault,Assault Peace Officer Weapon/Bodily Harm,U,Unknown,Unknown,2
446,2016,Crimes Against the Person,Assault,Other,U,Adult,25 to 34,1
447,2016,Crimes Against the Person,Assault,Other,M,Adult,18 to 24,1250
448,2021,Crimes Against the Person,Assault,Assault Peace Officer,M,Adult,45 to 54,29
449,2015,Crimes Against the Person,Sexual Violation,N/A,F,Adult,55 to 64,35
450,2023,Crimes Against the Person,Other,N/A,M,Child,<12,78
451,2023,Crimes Against the Person,Assault,Assault Resist Arrest,M,Adult,18 to 24,37
452,2021,Crimes Against the Person,Robbery,N/A,F,Adult,55 to 64,65
453,2015,Crimes Against the Person,Sexual Violation,N/A,F,Adult,45 to 54,113
454,2023,Crimes Against the Person,Sexual Violation,N/A,F,Adult,45 to 54,134
455,2019,Crimes Against the Person,Sexual Violation,N/A,M,Child,<12,114
456,2018,Crimes Against the Person,Sexual Violation,N/A,M,Adult,18 to 24,53
457,2016,Crimes Against the Person,Assault,Other,M,Adult,25 to 34,1857
458,2016,Crimes Against the Person,Assault,Assault Resist Arrest,U,Adult,35 to 44,2
459,2020,Crimes Against the Person,Robbery,N/A,M,Adult,55 to 64,138
460,2017,Crimes Against the Person,Assault,Assault Peace Officer,M,Adult,35 to 44,52
461,2021,Crimes Against the Person,Assault,Assault Peace Officer Weapon/Bodily Harm,M,Adult,45 to 54,3
462,2019,Crimes Against the Person,Other,N/A,M,Adult,65+,82
463,2017,Crimes Against the Person,Assault,Assault Resist Arrest,M,Adult,45 to 54,27
464,2015,Crimes Against the Person,Assault,Assault Peace Officer,M,Adult,18 to 24,1
465,2015,Crimes Against the Person,Robbery,N/A,F,Unknown,Unknown,10
466,2019,Crimes Against the Person,Assault,Assault Peace Officer Weapon/Bodily Harm,F,Adult,25 to 34,2
467,2019,Crimes Against the Person,Assault,Other,M,Adult,18 to 24,1360
468,2018,Crimes Against the Person,Assault,Assault Peace Officer,M,Adult,65+,4
469,2016,Crimes Against the Person,Robbery,N/A,F,Adult,65+,41
470,2020,Crimes Against the Person,Assault,Other,M,Adult,25 to 34,1925
471,2015,Crimes Against the Person,Assault,Assault Peace Officer,M,Adult,45 to 54,10
472,2018,Crimes Against the Person,Assault,Other,F,Adult,35 to 44,1512
473,2022,Crimes Against the Person,Assault,Other,U,Adult,35 to 44,4
474,2023,Crimes Against the Person,Assault,Assault Peace Officer,F,Adult,18 to 24,2
475,2014,Crimes Against the Person,Assault,Assault Resist Arrest,M,Adult,18 to 24,33
476,2014,Crimes Against the Person,Other,N/A,F,Unknown,Unknown,83
477,2021,Crimes Against the Person,Assault,Assault Resist Arrest,F,Adult,55 to 64,1
478,2016,Crimes Against the Person,Assault,Other,F,Adult,65+,366
479,2018,Crimes Against the Person,Assault,Other,U,Adult,25 to 34,2
480,2015,Crimes Against the Person,Assault,Aggravated Peace Officer,F,Unknown,Unknown,1
481,2022,Crimes Against the Person,Other,N/A,U,Adult,45 to 54,2
482,2022,Crimes Against the Person,Assault,Assault Peace Officer Weapon/Bodily Harm,F,Unknown,Unknown,15
483,2017,Crimes Against the Person,Robbery,N/A,F,Adult,55 to 64,81
484,2016,Crimes Against the Person,Assault,Assault Resist Arrest,F,Unknown,Unknown,9
485,2019,Crimes Against the Person,Assault,Assault Peace Officer,M,Unknown,Unknown,331
486,2020,Crimes Against the Person,Assault,Aggravated Peace Officer,M,Adult,25 to 34,1
487,2022,Crimes Against the Person,Other,N/A,M,Adult,25 to 34,319
488,2016,Crimes Against the Person,Assault,Assault Peace Officer Weapon/Bodily Harm,M,Adult,45 to 54,5
489,2020,Crimes Against the Person,Other,N/A,F,Adult,65+,68
490,2015,Crimes Against the Person,Sexual Violation,N/A,M,Unknown,Unknown,22
491,2021,Crimes Against the Person,Other,N/A,M,Adult,18 to 24,199
492,2019,Crimes Against the Person,Assault,Other,F,Adult,25 to 34,2300
493,2020,Crimes Against the Person,Other,N/A,F,Youth,12 to 17,128
494,2019,Crimes Against the Person,Sexual Violation,N/A,M,Adult,65+,6
495,2021,Crimes Against the Person,Assault,Other,F,Adult,45 to 54,1000
496,2015,Crimes Against the Person,Robbery,N/A,M,Adult,65+,94
497,2020,Crimes Against the Person,Assault,Other,M,Child,<12,287
498,2021,Crimes Against the Person,Assault,Assault Peace Officer,F,Adult,18 to 24,1
499,2023,Crimes Against the Person,Assault,Other,M,Adult,35 to 44,1750
500,2019,Crimes Against the Person,Robbery,N/A,F,Youth,12 to 17,56
501,2014,Crimes Against the Person,Assault,Other,M,Adult,45 to 54,1183
502,2019,Crimes Against the Person,Assault,Other,F,Child,<12,309
503,2020,Crimes Against the Person,Robbery,N/A,F,Adult,25 to 34,138
504,2016,Crimes Against the Person,Assault,Other,F,Youth,12 to 17,575
505,2021,Crimes Against the Person,Other,N/A,M,Child,<12,44
506,2015,Crimes Against the Person,Assault,Assault Peace Officer,F,Unknown,Unknown,74
507,2019,Crimes Against the Person,Assault,Assault Peace Officer,U,Unknown,Unknown,11
508,2023,Crimes Against the Person,Other,N/A,F,Adult,35 to 44,485
509,2016,Crimes Against the Person,Sexual Violation,N/A,F,Adult,45 to 54,100
510,2021,Crimes Against the Person,Other,N/A,M,Adult,35 to 44,315
511,2020,Crimes Against the Person,Sexual Violation,N/A,F,Child,<12,207
512,2020,Crimes Against the Person,Sexual Violation,N/A,M,Adult,18 to 24,28
513,2017,Crimes Against the Person,Assault,Other,M,Adult,65+,393
514,2020,Crimes Against the Person,Assault,Assault Peace Officer Weapon/Bodily Harm,M,Adult,55 to 64,2
515,2018,Crimes Against the Person,Assault,Assault Resist Arrest,M,Adult,25 to 34,77
516,2016,Crimes Against the Person,Assault,Assault Peace Officer,M,Adult,55 to 64,5
517,2018,Crimes Against the Person,Sexual Violation,N/A,U,Child,<12,1
518,2022,Crimes Against the Person,Sexual Violation,N/A,U,Adult,35 to 44,1
519,2021,Crimes Against the Person,Assault,Other,M,Unknown,Unknown,133
520,2018,Crimes Against the Person,Other,N/A,M,Unknown,Unknown,148
521,2016,Crimes Against the Person,Other,N/A,U,Unknown,Unknown,1
522,2017,Crimes Against the Person,Assault,Other,F,Adult,65+,369
523,2017,Crimes Against the Person,Assault,Assault Peace Officer,M,Unknown,Unknown,301
524,2020,Crimes Against the Person,Other,N/A,U,Adult,45 to 54,4
525,2021,Crimes Against the Person,Assault,Assault Peace Officer,M,Adult,25 to 34,44
526,2014,Crimes Against the Person,Other,N/A,F,Adult,55 to 64,194
527,2022,Crimes Against the Person,Assault,Other,F,Child,<12,238
528,2014,Crimes Against the Person,Robbery,N/A,F,Adult,65+,61
529,2017,Crimes Against the Person,Assault,Other,F,Adult,18 to 24,1419
530,2014,Crimes Against the Person,Sexual Violation,N/A,F,Child,<12,243
531,2014,Crimes Against the Person,Sexual Violation,N/A,M,Adult,45 to 54,13
532,2018,Crimes Against the Person,Assault,Assault Peace Officer Weapon/Bodily Harm,M,Adult,65+,2
533,2023,Crimes Against the Person,Assault,Assault Resist Arrest,M,Adult,25 to 34,47
534,2023,Crimes Against the Person,Assault,Assault Peace Officer Weapon/Bodily Harm,M,Adult,35 to 44,8
535,2022,Crimes Against the Person,Other,N/A,U,Adult,25 to 34,1
536,2018,Crimes Against the Person,Assault,Assault Peace Officer Weapon/Bodily Harm,M,Adult,25 to 34,6
537,2019,Crimes Against the Person,Assault,Other,U,Adult,18 to 24,2
538,2016,Crimes Against the Person,Sexual Violation,N/A,M,Adult,35 to 44,15
539,2016,Crimes Against the Person,Robbery,N/A,F,Unknown,Unknown,11
540,2016,Crimes Against the Person,Other,N/A,M,Youth,12 to 17,147
541,2019,Crimes Against the Person,Other,N/A,F,Adult,45 to 54,275
542,2014,Crimes Against the Person,Other,N/A,M,Adult,18 to 24,219
543,2019,Crimes Against the Person,Assault,Assault Resist Arrest,U,Unknown,Unknown,2
544,2017,Crimes Against the Person,Other,N/A,F,Adult,65+,101
545,2017,Crimes Against the Person,Robbery,N/A,M,Adult,65+,72
546,2020,Crimes Against the Person,Assault,Assault Peace Officer,M,Adult,65+,16
547,2020,Crimes Against the Person,Assault,Other,U,Adult,35 to 44,2
548,2023,Crimes Against the Person,Assault,Assault Resist Arrest,M,Adult,35 to 44,18
549,2016,Crimes Against the Person,Sexual Violation,N/A,F,Unknown,Unknown,15
550,2023,Crimes Against the Person,Sexual Violation,N/A,M,Adult,35 to 44,37
551,2021,Crimes Against the Person,Other,N/A,M,Unknown,Unknown,60
552,2016,Crimes Against the Person,Assault,Other,M,Adult,35 to 44,1316
553,2014,Crimes Against the Person,Robbery,N/A,M,Adult,55 to 64,113
554,2019,Crimes Against the Person,Other,N/A,M,Adult,25 to 34,381
555,2017,Crimes Against the Person,Sexual Violation,N/A,M,Youth,12 to 17,63
556,2021,Crimes Against the Person,Assault,Assault Resist Arrest,M,Adult,65+,4
557,2018,Crimes Against the Person,Other,N/A,F,Adult,65+,106
558,2019,Crimes Against the Person,Assault,Other,U,Adult,35 to 44,1
559,2014,Crimes Against the Person,Assault,Assault Peace Officer Weapon/Bodily Harm,M,Unknown,Unknown,23
560,2023,Crimes Against the Person,Sexual Violation,N/A,M,Adult,25 to 34,65
561,2023,Crimes Against the Person,Assault,Other,F,Adult,35 to 44,1861
562,2019,Crimes Against the Person,Other,N/A,F,Adult,25 to 34,570
563,2018,Crimes Against the Person,Sexual Violation,N/A,M,Adult,65+,4
564,2020,Crimes Against the Person,Robbery,N/A,F,Adult,45 to 54,118
565,2018,Crimes Against the Person,Assault,Assault Resist Arrest,M,Adult,55 to 64,5
566,2019,Crimes Against the Person,Assault,Other,M,Adult,65+,477
567,2016,Crimes Against the Person,Assault,Assault Peace Officer,M,Adult,65+,1
568,2020,Crimes Against the Person,Other,N/A,F,Adult,45 to 54,247
569,2016,Crimes Against the Person,Assault,Assault Resist Arrest,M,Youth,12 to 17,1
570,2015,Crimes Against the Person,Sexual Violation,N/A,F,Unknown,Unknown,22
571,2018,Crimes Against the Person,Sexual Violation,N/A,F,Adult,18 to 24,636
572,2014,Crimes Against the Person,Assault,Other,M,Unknown,Unknown,213
573,2016,Crimes Against the Person,Assault,Assault Resist Arrest,M,Adult,18 to 24,49
574,2021,Crimes Against the Person,Assault,Aggravated Peace Officer,M,Unknown,Unknown,4
575,2017,Crimes Against the Person,Assault,Assault Resist Arrest,M,Adult,35 to 44,31
576,2015,Crimes Against the Person,Assault,Assault Resist Arrest,M,Adult,45 to 54,19
577,2021,Crimes Against the Person,Robbery,N/A,F,Child,<12,2
578,2019,Crimes Against the Person,Other,N/A,M,Adult,45 to 54,280
579,2023,Crimes Against the Person,Assault,Assault Peace Officer Weapon/Bodily Harm,M,Unknown,Unknown,42
580,2023,Crimes Against the Person,Robbery,N/A,F,Unknown,Unknown,9
581,2019,Crimes Against the Person,Sexual Violation,N/A,U,Child,<12,1
582,2017,Crimes Against the Person,Other,N/A,U,Unknown,Unknown,9
583,2017,Crimes Against the Person,Assault,Assault Peace Officer Weapon/Bodily Harm,F,Adult,25 to 34,4
584,2015,Crimes Against the Person,Assault,Assault Peace Officer Weapon/Bodily Harm,F,Unknown,Unknown,4
585,2019,Crimes Against the Person,Robbery,N/A,M,Adult,45 to 54,198
586,2021,Crimes Against the Person,Sexual Violation,N/A,M,Youth,12 to 17,62
587,2014,Crimes Against the Person,Assault,Assault Peace Officer,F,Adult,35 to 44,3
588,2015,Crimes Against the Person,Assault,Other,F,Adult,18 to 24,1458
589,2020,Crimes Against the Person,Robbery,N/A,M,Adult,45 to 54,190
590,2022,Crimes Against the Person,Sexual Violation,N/A,U,Child,<12,2
591,2017,Crimes Against the Person,Assault,Assault Resist Arrest,M,Adult,18 to 24,76
592,2015,Crimes Against the Person,Sexual Violation,N/A,F,Child,<12,234
593,2015,Crimes Against the Person,Assault,Assault Peace Officer,M,Adult,55 to 64,3
594,2017,Crimes Against the Person,Assault,Assault Peace Officer,M,Adult,45 to 54,32
595,2021,Crimes Against the Person,Other,N/A,M,Adult,55 to 64,178
596,2017,Crimes Against the Person,Other,N/A,F,Adult,45 to 54,347
597,2022,Crimes Against the Person,Assault,Assault Peace Officer,M,Adult,55 to 64,9
598,2021,Crimes Against the Person,Assault,Assault Peace Officer,M,Adult,18 to 24,5
599,2016,Crimes Against the Person,Assault,Assault Peace Officer Weapon/Bodily Harm,M,Unknown,Unknown,26
600,2021,Crimes Against the Person,Assault,Assault Peace Officer Weapon/Bodily Harm,F,Unknown,Unknown,15
601,2021,Crimes Against the Person,Assault,Assault Resist Arrest,F,Unknown,Unknown,4
602,2014,Crimes Against the Person,Robbery,N/A,F,Adult,55 to 64,70
603,2017,Crimes Against the Person,Other,N/A,U,Adult,45 to 54,3
604,2016,Crimes Against the Person,Sexual Violation,N/A,F,Adult,25 to 34,417
605,2014,Crimes Against the Person,Robbery,N/A,M,Adult,45 to 54,215
606,2017,Crimes Against the Person,Assault,Other,F,Adult,35 to 44,1376
607,2015,Crimes Against the Person,Robbery,N/A,M,Adult,55 to 64,153
608,2020,Crimes Against the Person,Sexual Violation,N/A,F,Unknown,Unknown,16
609,2020,Crimes Against the Person,Assault,Assault Peace Officer,U,Unknown,Unknown,11
610,2020,Crimes Against the Person,Sexual Violation,N/A,M,Adult,35 to 44,15
611,2019,Crimes Against the Person,Other,N/A,U,Unknown,Unknown,12
612,2015,Crimes Against the Person,Assault,Assault Peace Officer Weapon/Bodily Harm,M,Adult,35 to 44,1
613,2014,Crimes Against the Person,Sexual Violation,N/A,F,Adult,55 to 64,42
614,2020,Crimes Against the Person,Other,N/A,U,Child,<12,1
615,2022,Crimes Against the Person,Assault,Other,F,Youth,12 to 17,620
616,2018,Crimes Against the Person,Assault,Assault Peace Officer Weapon/Bodily Harm,M,Adult,35 to 44,15
617,2023,Crimes Against the Person,Robbery,N/A,F,Adult,25 to 34,156
618,2016,Crimes Against the Person,Assault,Other,F,Unknown,Unknown,111
619,2015,Crimes Against the Person,Other,N/A,M,Adult,18 to 24,296
620,2016,Crimes Against the Person,Robbery,N/A,F,Child,<12,6
621,2017,Crimes Against the Person,Assault,Other,U,Adult,45 to 54,1
622,2018,Crimes Against the Person,Robbery,N/A,M,Adult,45 to 54,248
623,2020,Crimes Against the Person,Assault,Assault Resist Arrest,M,Adult,45 to 54,14
624,2020,Crimes Against the Person,Assault,Assault Resist Arrest,F,Adult,25 to 34,6
625,2021,Crimes Against the Person,Assault,Other,F,Youth,12 to 17,388
626,2018,Crimes Against the Person,Other,N/A,F,Adult,35 to 44,483
627,2022,Crimes Against the Person,Assault,Assault Resist Arrest,F,Adult,25 to 34,4
628,2020,Crimes Against the Person,Assault,Other,F,Child,<12,204
629,2022,Crimes Against the Person,Robbery,N/A,M,Unknown,Unknown,23
630,2017,Crimes Against the Person,Assault,Aggravated Peace Officer,M,Unknown,Unknown,4
631,2022,Crimes Against the Person,Assault,Assault Resist Arrest,M,Adult,65+,15
632,2018,Crimes Against the Person,Assault,Assault Resist Arrest,F,Adult,45 to 54,3
633,2020,Crimes Against the Person,Assault,Other,F,Adult,45 to 54,962
634,2017,Crimes Against the Person,Sexual Violation,N/A,M,Adult,35 to 44,27
635,2023,Crimes Against the Person,Other,N/A,M,Unknown,Unknown,71
636,2021,Crimes Against the Person,Other,N/A,U,Youth,12 to 17,1
637,2018,Crimes Against the Person,Sexual Violation,N/A,M,Unknown,Unknown,10
638,2018,Crimes Against the Person,Assault,Assault Peace Officer,F,Adult,65+,4
639,2018,Crimes Against the Person,Assault,Other,F,Youth,12 to 17,532
640,2015,Crimes Against the Person,Assault,Other,M,Adult,25 to 34,1696
641,2019,Crimes Against the Person,Other,N/A,M,Youth,12 to 17,169
642,2016,Crimes Against the Person,Assault,Other,F,Adult,18 to 24,1499
643,2022,Crimes Against the Person,Assault,Assault Resist Arrest,M,Adult,25 to 34,53
644,2015,Crimes Against the Person,Sexual Violation,N/A,F,Adult,18 to 24,473
645,2023,Crimes Against the Person,Other,N/A,M,Adult,35 to 44,366
646,2017,Crimes Against the Person,Assault,Assault Peace Officer Weapon/Bodily Harm,M,Adult,55 to 64,3
647,2021,Crimes Against the Person,Assault,Other,F,Unknown,Unknown,76
648,2016,Crimes Against the Person,Other,N/A,F,Adult,55 to 64,185
649,2021,Crimes Against the Person,Assault,Assault Resist Arrest,F,Adult,18 to 24,4
650,2018,Crimes Against the Person,Assault,Assault Resist Arrest,M,Adult,35 to 44,20
651,2022,Crimes Against the Person,Assault,Other,F,Adult,65+,456
652,2014,Crimes Against the Person,Assault,Other,F,Adult,45 to 54,921
653,2021,Crimes Against the Person,Assault,Assault Peace Officer,M,Unknown,Unknown,243
654,2017,Crimes Against the Person,Assault,Assault Peace Officer,F,Adult,18 to 24,1
655,2017,Crimes Against the Person,Other,N/A,F,Adult,35 to 44,493
656,2023,Crimes Against the Person,Sexual Violation,N/A,U,Adult,18 to 24,1
657,2022,Crimes Against the Person,Assault,Assault Peace Officer Weapon/Bodily Harm,U,Unknown,Unknown,2
658,2019,Crimes Against the Person,Robbery,N/A,M,Unknown,Unknown,38
659,2018,Crimes Against the Person,Sexual Violation,N/A,M,Child,<12,81
660,2022,Crimes Against the Person,Sexual Violation,N/A,U,Youth,12 to 17,2
661,2023,Crimes Against the Person,Other,N/A,M,Adult,25 to 34,422
662,2016,Crimes Against the Person,Other,N/A,M,Adult,35 to 44,404
663,2020,Crimes Against the Person,Assault,Assault Resist Arrest,M,Adult,55 to 64,6
664,2021,Crimes Against the Person,Sexual Violation,N/A,F,Adult,35 to 44,235
665,2019,Crimes Against the Person,Robbery,N/A,F,Adult,35 to 44,108
666,2023,Crimes Against the Person,Other,N/A,F,Adult,55 to 64,167
667,2021,Crimes Against the Person,Robbery,N/A,M,Child,<12,12
668,2023,Crimes Against the Person,Other,N/A,F,Adult,18 to 24,343
669,2023,Crimes Against the Person,Assault,Other,M,Adult,18 to 24,1492
670,2020,Crimes Against the Person,Assault,Assault Peace Officer,F,Adult,45 to 54,7
671,2017,Crimes Against the Person,Sexual Violation,N/A,M,Child,<12,74
672,2021,Crimes Against the Person,Sexual Violation,N/A,U,Adult,18 to 24,1
673,2021,Crimes Against the Person,Robbery,N/A,F,Adult,35 to 44,82
674,2015,Crimes Against the Person,Assault,Other,U,Adult,45 to 54,1
675,2020,Crimes Against the Person,Assault,Assault Peace Officer Weapon/Bodily Harm,M,Adult,65+,1
676,2018,Crimes Against the Person,Assault,Other,M,Child,<12,446
677,2014,Crimes Against the Person,Assault,Other,M,Adult,25 to 34,1667
678,2014,Crimes Against the Person,Assault,Assault Resist Arrest,M,Adult,55 to 64,5
679,2022,Crimes Against the Person,Other,N/A,F,Adult,35 to 44,398
680,2014,Crimes Against the Person,Assault,Other,F,Adult,18 to 24,1464
681,2022,Crimes Against the Person,Robbery,N/A,F,Adult,35 to 44,100
682,2018,Crimes Against the Person,Assault,Assault Peace Officer,F,Adult,25 to 34,16
683,2018,Crimes Against the Person,Robbery,N/A,M,Adult,55 to 64,158
684,2016,Crimes Against the Person,Assault,Other,F,Adult,45 to 54,938
685,2022,Crimes Against the Person,Assault,Assault Resist Arrest,M,Adult,18 to 24,31
686,2019,Crimes Against the Person,Assault,Assault Resist Arrest,M,Adult,65+,5
687,2022,Crimes Against the Person,Sexual Violation,N/A,F,Adult,18 to 24,534
688,2020,Crimes Against the Person,Assault,Assault Peace Officer,F,Adult,25 to 34,15
689,2020,Crimes Against the Person,Sexual Violation,N/A,M,Adult,55 to 64,7
690,2017,Crimes Against the Person,Robbery,N/A,U,Youth,12 to 17,1
691,2023,Crimes Against the Person,Sexual Violation,N/A,F,Child,<12,219
692,2015,Crimes Against the Person,Other,N/A,F,Adult,45 to 54,410
693,2014,Crimes Against the Person,Assault,Assault Resist Arrest,F,Adult,35 to 44,4
694,2016,Crimes Against the Person,Other,N/A,M,Child,<12,74
695,2021,Crimes Against the Person,Assault,Other,M,Adult,55 to 64,1100
696,2017,Crimes Against the Person,Sexual Violation,N/A,F,Adult,55 to 64,55
697,2020,Crimes Against the Person,Assault,Assault Peace Officer Weapon/Bodily Harm,F,Adult,35 to 44,2
698,2014,Crimes Against the Person,Robbery,N/A,M,Youth,12 to 17,659
699,2014,Crimes Against the Person,Assault,Other,F,Youth,12 to 17,525
700,2018,Crimes Against the Person,Assault,Assault Resist Arrest,F,Adult,18 to 24,18
701,2015,Crimes Against the Person,Other,N/A,F,Adult,65+,124
702,2019,Crimes Against the Person,Assault,Other,M,Adult,45 to 54,1325
703,2016,Crimes Against the Person,Robbery,N/A,M,Adult,25 to 34,434
704,2015,Crimes Against the Person,Assault,Assault Peace Officer,F,Adult,65+,2
705,2018,Crimes Against the Person,Assault,Assault Resist Arrest,F,Adult,35 to 44,7
706,2022,Crimes Against the Person,Assault,Other,U,Adult,55 to 64,2
707,2015,Crimes Against the Person,Assault,Assault Peace Officer Weapon/Bodily Harm,M,Adult,45 to 54,2
708,2014,Crimes Against the Person,Assault,Assault Peace Officer,M,Adult,55 to 64,1
709,2015,Crimes Against the Person,Assault,Assault Resist Arrest,M,Adult,65+,3
710,2022,Crimes Against the Person,Other,N/A,M,Adult,35 to 44,307
711,2020,Crimes Against the Person,Assault,Other,U,Adult,55 to 64,3
712,2018,Crimes Against the Person,Assault,Other,F,Adult,45 to 54,1039
713,2017,Crimes Against the Person,Robbery,N/A,M,Adult,25 to 34,493
714,2023,Crimes Against the Person,Sexual Violation,N/A,F,Adult,35 to 44,277
715,2020,Crimes Against the Person,Other,N/A,M,Adult,55 to 64,176
716,2023,Crimes Against the Person,Other,N/A,U,Adult,45 to 54,1
717,2023,Crimes Against the Person,Other,N/A,F,Youth,12 to 17,237
718,2022,Crimes Against the Person,Other,N/A,F,Youth,12 to 17,189
719,2018,Crimes Against the Person,Assault,Assault Peace Officer,M,Adult,55 to 64,14
720,2019,Crimes Against the Person,Assault,Assault Peace Officer,M,Adult,45 to 54,37
721,2023,Crimes Against the Person,Sexual Violation,N/A,F,Adult,55 to 64,59
722,2015,Crimes Against the Person,Other,N/A,M,Adult,35 to 44,463
723,2015,Crimes Against the Person,Assault,Assault Peace Officer,M,Adult,35 to 44,25
724,2017,Crimes Against the Person,Assault,Other,F,Adult,55 to 64,489
725,2021,Crimes Against the Person,Assault,Assault Resist Arrest,M,Adult,18 to 24,29
726,2019,Crimes Against the Person,Sexual Violation,N/A,F,Youth,12 to 17,538
727,2020,Crimes Against the Person,Other,N/A,M,Adult,35 to 44,263
728,2015,Crimes Against the Person,Assault,Assault Peace Officer Weapon/Bodily Harm,M,Unknown,Unknown,21
729,2022,Crimes Against the Person,Other,N/A,F,Adult,25 to 34,522
730,2022,Crimes Against the Person,Assault,Assault Resist Arrest,M,Adult,35 to 44,21
731,2014,Crimes Against the Person,Sexual Violation,N/A,F,Adult,65+,34
732,2023,Crimes Against the Person,Assault,Aggravated Peace Officer,M,Adult,45 to 54,1
733,2023,Crimes Against the Person,Sexual Violation,N/A,M,Adult,45 to 54,17
734,2018,Crimes Against the Person,Sexual Violation,N/A,U,Adult,25 to 34,1
735,2019,Crimes Against the Person,Robbery,N/A,F,Child,<12,6
736,2019,Crimes Against the Person,Assault,Other,F,Adult,18 to 24,1407
737,2020,Crimes Against the Person,Assault,Assault Peace Officer,F,Adult,65+,1
738,2017,Crimes Against the Person,Other,N/A,M,Adult,25 to 34,484
739,2022,Crimes Against the Person,Assault,Assault Peace Officer,F,Adult,65+,16
740,2018,Crimes Against the Person,Other,N/A,U,Adult,45 to 54,1
741,2016,Crimes Against the Person,Robbery,N/A,F,Adult,35 to 44,114
742,2019,Crimes Against the Person,Assault,Other,F,Adult,35 to 44,1649
743,2014,Crimes Against the Person,Assault,Assault Peace Officer Weapon/Bodily Harm,F,Unknown,Unknown,3
744,2023,Crimes Against the Person,Assault,Assault Peace Officer,F,Adult,35 to 44,7
745,2021,Crimes Against the Person,Sexual Violation,N/A,F,Adult,45 to 54,124
746,2021,Crimes Against the Person,Other,N/A,F,Adult,25 to 34,513
747,2014,Crimes Against the Person,Robbery,N/A,F,Child,<12,6
748,2020,Crimes Against the Person,Other,N/A,M,Child,<12,74
749,2023,Crimes Against the Person,Assault,Assault Peace Officer Weapon/Bodily Harm,F,Unknown,Unknown,7
750,2017,Crimes Against the Person,Assault,Assault Resist Arrest,M,Unknown,Unknown,75
751,2022,Crimes Against the Person,Sexual Violation,N/A,M,Child,<12,82
752,2023,Crimes Against the Person,Other,N/A,F,Adult,65+,102
753,2023,Crimes Against the Person,Assault,Other,U,Adult,55 to 64,1
754,2017,Crimes Against the Person,Assault,Other,F,Child,<12,290
755,2016,Crimes Against the Person,Robbery,N/A,M,Adult,45 to 54,258
756,2014,Crimes Against the Person,Robbery,N/A,F,Adult,25 to 34,195
757,2018,Crimes Against the Person,Sexual Violation,N/A,F,Adult,45 to 54,126
758,2014,Crimes Against the Person,Other,N/A,F,Youth,12 to 17,215
759,2023,Crimes Against the Person,Robbery,N/A,M,Adult,18 to 24,428
760,2017,Crimes Against the Person,Assault,Other,M,Adult,25 to 34,1937
761,2017,Crimes Against the Person,Assault,Assault Resist Arrest,F,Adult,45 to 54,5
762,2019,Crimes Against the Person,Robbery,N/A,U,Adult,18 to 24,3
763,2020,Crimes Against the Person,Sexual Violation,N/A,F,Adult,45 to 54,104
764,2014,Crimes Against the Person,Assault,Aggravated Peace Officer,M,Adult,25 to 34,2
765,2016,Crimes Against the Person,Assault,Assault Resist Arrest,M,Adult,25 to 34,79
766,2023,Crimes Against the Person,Assault,Assault Resist Arrest,F,Adult,35 to 44,2
767,2021,Crimes Against the Person,Assault,Assault Resist Arrest,M,Unknown,Unknown,35
768,2021,Crimes Against the Person,Assault,Assault Peace Officer Weapon/Bodily Harm,M,Adult,65+,7
769,2019,Crimes Against the Person,Sexual Violation,N/A,F,Unknown,Unknown,22
770,2023,Crimes Against the Person,Assault,Assault Peace Officer,F,Unknown,Unknown,53
771,2023,Crimes Against the Person,Assault,Other,M,Youth,12 to 17,677
772,2017,Crimes Against the Person,Other,N/A,F,Youth,12 to 17,230
773,2021,Crimes Against the Person,Assault,Other,F,Adult,35 to 44,1581
774,2017,Crimes Against the Person,Assault,Other,M,Unknown,Unknown,213
775,2017,Crimes Against the Person,Assault,Assault Peace Officer,M,Adult,18 to 24,4
776,2023,Crimes Against the Person,Assault,Assault Peace Officer Weapon/Bodily Harm,F,Adult,65+,4
777,2014,Crimes Against the Person,Assault,Other,F,Adult,55 to 64,388
778,2014,Crimes Against the Person,Assault,Other,M,Adult,18 to 24,1057
779,2015,Crimes Against the Person,Robbery,N/A,F,Adult,25 to 34,175
780,2021,Crimes Against the Person,Assault,Other,F,Adult,25 to 34,2366
781,2014,Crimes Against the Person,Assault,Assault Resist Arrest,M,Adult,25 to 34,84
782,2017,Crimes Against the Person,Other,N/A,U,Adult,25 to 34,1
783,2020,Crimes Against the Person,Assault,Assault Resist Arrest,F,Adult,45 to 54,1
784,2014,Crimes Against the Person,Assault,Assault Resist Arrest,M,Unknown,Unknown,86
785,2023,Crimes Against the Person,Assault,Assault Peace Officer,F,Adult,65+,17
786,2015,Crimes Against the Person,Other,N/A,U,Unknown,Unknown,6
787,2017,Crimes Against the Person,Assault,Assault Peace Officer,F,Adult,55 to 64,3
788,2019,Crimes Against the Person,Assault,Assault Resist Arrest,M,Adult,35 to 44,30
789,2019,Crimes Against the Person,Robbery,N/A,M,Youth,12 to 17,555
790,2017,Crimes Against the Person,Assault,Assault Peace Officer Weapon/Bodily Harm,M,Adult,65+,1
791,2016,Crimes Against the Person,Other,N/A,M,Adult,25 to 34,465
792,2023,Crimes Against the Person,Assault,Other,M,Adult,65+,634
793,2014,Crimes Against the Person,Other,N/A,M,Unknown,Unknown,117
794,2019,Crimes Against the Person,Robbery,N/A,F,Adult,18 to 24,183
795,2015,Crimes Against the Person,Assault,Assault Peace Officer,M,Adult,65+,5
796,2022,Crimes Against the Person,Other,N/A,U,Adult,35 to 44,2
797,2016,Crimes Against the Person,Other,N/A,F,Unknown,Unknown,113
798,2015,Crimes Against the Person,Assault,Assault Peace Officer,M,Adult,25 to 34,26
799,2022,Crimes Against the Person,Other,N/A,M,Adult,45 to 54,248
800,2014,Crimes Against the Person,Assault,Assault Peace Officer,F,Adult,25 to 34,5
801,2018,Crimes Against the Person,Robbery,N/A,M,Unknown,Unknown,24
802,2019,Crimes Against the Person,Other,N/A,M,Child,<12,64
803,2020,Crimes Against the Person,Assault,Assault Resist Arrest,U,Unknown,Unknown,1
804,2023,Crimes Against the Person,Sexual Violation,N/A,M,Youth,12 to 17,112
805,2022,Crimes Against the Person,Assault,Other,U,Adult,45 to 54,7
806,2022,Crimes Against the Person,Assault,Other,M,Adult,65+,595
807,2021,Crimes Against the Person,Assault,Other,F,Adult,65+,435
808,2020,Crimes Against the Person,Other,N/A,F,Adult,35 to 44,342
809,2021,Crimes Against the Person,Robbery,N/A,M,Unknown,Unknown,19
810,2021,Crimes Against the Person,Other,N/A,F,Adult,45 to 54,233
811,2016,Crimes Against the Person,Other,N/A,M,Adult,18 to 24,278
812,2020,Crimes Against the Person,Robbery,N/A,M,Adult,25 to 34,380
813,2023,Crimes Against the Person,Robbery,N/A,U,Adult,35 to 44,1
814,2019,Crimes Against the Person,Assault,Other,F,Adult,55 to 64,618
815,2018,Crimes Against the Person,Assault,Assault Peace Officer Weapon/Bodily Harm,M,Adult,18 to 24,1
816,2017,Crimes Against the Person,Sexual Violation,N/A,F,Adult,25 to 34,416
817,2014,Crimes Against the Person,Assault,Assault Peace Officer Weapon/Bodily Harm,M,Adult,25 to 34,4
818,2017,Crimes Against the Person,Sexual Violation,N/A,U,Unknown,Unknown,2
819,2021,Crimes Against the Person,Robbery,N/A,U,Adult,18 to 24,2
820,2018,Crimes Against the Person,Assault,Other,F,Adult,18 to 24,1481
821,2018,Crimes Against the Person,Sexual Violation,N/A,M,Adult,55 to 64,7
822,2023,Crimes Against the Person,Other,N/A,U,Adult,18 to 24,3
823,2022,Crimes Against the Person,Other,N/A,F,Adult,65+,77
824,2020,Crimes Against the Person,Other,N/A,M,Adult,18 to 24,222
825,2020,Crimes Against the Person,Assault,Other,F,Adult,35 to 44,1579
826,2023,Crimes Against the Person,Assault,Other,F,Adult,45 to 54,1121
827,2022,Crimes Against the Person,Assault,Assault Peace Officer,M,Adult,18 to 24,8
828,2019,Crimes Against the Person,Robbery,N/A,U,Unknown,Unknown,1
829,2023,Crimes Against the Person,Robbery,N/A,M,Adult,25 to 34,412
830,2014,Crimes Against the Person,Robbery,N/A,U,Adult,55 to 64,1
831,2014,Crimes Against the Person,Assault,Other,F,Child,<12,325
832,2022,Crimes Against the Person,Sexual Violation,N/A,F,Child,<12,248
833,2015,Crimes Against the Person,Assault,Other,M,Adult,45 to 54,1301
834,2017,Crimes Against the Person,Assault,Other,F,Adult,25 to 34,2063
835,2021,Crimes Against the Person,Assault,Assault Peace Officer Weapon/Bodily Harm,M,Adult,25 to 34,4
836,2023,Crimes Against the Person,Assault,Other,U,Adult,18 to 24,4
837,2016,Crimes Against the Person,Other,N/A,F,Adult,25 to 34,740
838,2020,Crimes Against the Person,Assault,Other,U,Youth,12 to 17,1
839,2021,Crimes Against the Person,Sexual Violation,N/A,F,Unknown,Unknown,21
840,2016,Crimes Against the Person,Sexual Violation,N/A,F,Adult,65+,35
841,2018,Crimes Against the Person,Assault,Assault Peace Officer Weapon/Bodily Harm,F,Unknown,Unknown,5
842,2023,Crimes Against the Person,Other,N/A,M,Adult,45 to 54,293
843,2020,Crimes Against the Person,Assault,Assault Peace Officer Weapon/Bodily Harm,M,Adult,18 to 24,1
844,2016,Crimes Against the Person,Assault,Assault Resist Arrest,F,Adult,65+,1
845,2022,Crimes Against the Person,Assault,Other,M,Adult,45 to 54,1312
846,2022,Crimes Against the Person,Sexual Violation,N/A,U,Adult,18 to 24,1
847,2017,Crimes Against the Person,Assault,Assault Resist Arrest,M,Youth,12 to 17,2
848,2022,Crimes Against the Person,Robbery,N/A,M,Adult,18 to 24,348
849,2016,Crimes Against the Person,Other,N/A,F,Child,<12,59
850,2017,Crimes Against the Person,Assault,Assault Peace Officer Weapon/Bodily Harm,M,Adult,18 to 24,2
851,2014,Crimes Against the Person,Other,N/A,U,Unknown,Unknown,3
852,2014,Crimes Against the Person,Assault,Assault Peace Officer,M,Adult,25 to 34,21
853,2023,Crimes Against the Person,Sexual Violation,N/A,F,Youth,12 to 17,551
854,2017,Crimes Against the Person,Assault,Other,M,Youth,12 to 17,642
855,2016,Crimes Against the Person,Assault,Assault Peace Officer,F,Adult,18 to 24,3
856,2018,Crimes Against the Person,Sexual Violation,N/A,F,Adult,35 to 44,230
857,2014,Crimes Against the Person,Robbery,N/A,F,Adult,18 to 24,244
858,2015,Crimes Against the Person,Assault,Other,F,Adult,35 to 44,1270
859,2018,Crimes Against the Person,Robbery,N/A,F,Adult,25 to 34,189
860,2022,Crimes Against the Person,Other,N/A,F,Adult,45 to 54,246
861,2023,Crimes Against the Person,Other,N/A,F,Adult,45 to 54,289
862,2017,Crimes Against the Person,Assault,Assault Peace Officer Weapon/Bodily Harm,M,Adult,25 to 34,3
863,2019,Crimes Against the Person,Assault,Other,U,Unknown,Unknown,45
864,2018,Crimes Against the Person,Sexual Violation,N/A,F,Adult,25 to 34,506
865,2014,Crimes Against the Person,Sexual Violation,N/A,M,Adult,25 to 34,29
866,2023,Crimes Against the Person,Assault,Assault Peace Officer,F,Child,<12,1
867,2019,Crimes Against the Person,Robbery,N/A,U,Youth,12 to 17,1
868,2021,Crimes Against the Person,Robbery,N/A,F,Unknown,Unknown,8
869,2022,Crimes Against the Person,Assault,Assault Peace Officer Weapon/Bodily Harm,F,Adult,25 to 34,2
870,2023,Crimes Against the Person,Sexual Violation,N/A,M,Child,<12,81
871,2021,Crimes Against the Person,Assault,Other,M,Adult,25 to 34,2086
872,2015,Crimes Against the Person,Other,N/A,M,Youth,12 to 17,172
873,2018,Crimes Against the Person,Other,N/A,M,Youth,12 to 17,166
874,2019,Crimes Against the Person,Robbery,N/A,U,Adult,45 to 54,1
875,2014,Crimes Against the Person,Robbery,N/A,M,Adult,18 to 24,675
876,2014,Crimes Against the Person,Other,N/A,M,Adult,55 to 64,198
877,2018,Crimes Against the Person,Assault,Assault Peace Officer,F,Unknown,Unknown,74
878,2016,Crimes Against the Person,Assault,Other,U,Adult,35 to 44,1
879,2014,Crimes Against the Person,Assault,Assault Resist Arrest,F,Unknown,Unknown,13
880,2018,Crimes Against the Person,Assault,Other,M,Unknown,Unknown,247
881,2022,Crimes Against the Person,Assault,Other,F,Adult,18 to 24,1401
882,2021,Crimes Against the Person,Assault,Assault Resist Arrest,M,Adult,35 to 44,12
883,2015,Crimes Against the Person,Other,N/A,F,Adult,35 to 44,575
884,2019,Crimes Against the Person,Sexual Violation,N/A,F,Adult,18 to 24,562
885,2016,Crimes Against the Person,Assault,Other,U,Unknown,Unknown,4
886,2016,Crimes Against the Person,Assault,Assault Resist Arrest,F,Adult,25 to 34,13
887,2016,Crimes Against the Person,Other,N/A,F,Youth,12 to 17,235
888,2017,Crimes Against the Person,Other,N/A,M,Adult,18 to 24,292
889,2021,Crimes Against the Person,Assault,Assault Peace Officer,M,Adult,55 to 64,9
890,2018,Crimes Against the Person,Sexual Violation,N/A,F,Adult,55 to 64,75
891,2022,Crimes Against the Person,Assault,Assault Resist Arrest,F,Unknown,Unknown,8
892,2015,Crimes Against the Person,Other,N/A,F,Youth,12 to 17,260
893,2021,Crimes Against the Person,Sexual Violation,N/A,F,Adult,55 to 64,59
894,2023,Crimes Against the Person,Assault,Other,U,Adult,45 to 54,1
895,2022,Crimes Against the Person,Sexual Violation,N/A,F,Unknown,Unknown,22
896,2022,Crimes Against the Person,Assault,Aggravated Peace Officer,M,Unknown,Unknown,3
897,2021,Crimes Against the Person,Sexual Violation,N/A,M,Adult,55 to 64,16
898,2022,Crimes Against the Person,Sexual Violation,N/A,M,Adult,55 to 64,10
899,2015,Crimes Against the Person,Other,N/A,M,Adult,55 to 64,259
900,2018,Crimes Against the Person,Robbery,N/A,F,Adult,18 to 24,197
901,2019,Crimes Against the Person,Robbery,N/A,F,Adult,65+,61
902,2019,Crimes Against the Person,Assault,Assault Peace Officer Weapon/Bodily Harm,F,Adult,35 to 44,1
903,2020,Crimes Against the Person,Other,N/A,M,Adult,25 to 34,383
904,2019,Crimes Against the Person,Other,N/A,M,Unknown,Unknown,123
905,2021,Crimes Against the Person,Other,N/A,M,Adult,45 to 54,277
906,2023,Crimes Against the Person,Robbery,N/A,F,Child,<12,2
907,2022,Crimes Against the Person,Assault,Other,M,Unknown,Unknown,179
908,2017,Crimes Against the Person,Assault,Assault Peace Officer Weapon/Bodily Harm,M,Adult,45 to 54,3
909,2020,Crimes Against the Person,Sexual Violation,N/A,F,Adult,25 to 34,450
910,2019,Crimes Against the Person,Sexual Violation,N/A,M,Adult,55 to 64,11
911,2019,Crimes Against the Person,Assault,Other,F,Adult,45 to 54,1068
912,2023,Crimes Against the Person,Sexual Violation,N/A,M,Adult,65+,3
913,2021,Crimes Against the Person,Robbery,N/A,F,Adult,65+,31
914,2018,Crimes Against the Person,Assault,Assault Resist Arrest,M,Adult,65+,4
915,2018,Crimes Against the Person,Other,N/A,F,Adult,18 to 24,417
916,2015,Crimes Against the Person,Assault,Assault Resist Arrest,F,Adult,45 to 54,3
917,2023,Crimes Against the Person,Assault,Assault Peace Officer,M,Unknown,Unknown,310
918,2014,Crimes Against the Person,Robbery,N/A,M,Unknown,Unknown,29
919,2017,Crimes Against the Person,Assault,Assault Resist Arrest,M,Adult,25 to 34,76
920,2022,Crimes Against the Person,Assault,Other,F,Adult,25 to 34,2531
921,2023,Crimes Against the Person,Robbery,N/A,M,Unknown,Unknown,11
922,2019,Crimes Against the Person,Sexual Violation,N/A,U,Unknown,Unknown,3
923,2016,Crimes Against the Person,Assault,Assault Peace Officer,M,Adult,18 to 24,3
924,2016,Crimes Against the Person,Assault,Other,M,Adult,65+,354
925,2023,Crimes Against the Person,Sexual Violation,N/A,M,Adult,18 to 24,53
926,2016,Crimes Against the Person,Sexual Violation,N/A,M,Adult,18 to 24,43
927,2020,Crimes Against the Person,Sexual Violation,N/A,M,Adult,25 to 34,42
928,2017,Crimes Against the Person,Robbery,N/A,F,Unknown,Unknown,10
929,2018,Crimes Against the Person,Assault,Assault Peace Officer Weapon/Bodily Harm,M,Adult,45 to 54,7
930,2015,Crimes Against the Person,Other,N/A,M,Adult,25 to 34,485
931,2021,Crimes Against the Person,Robbery,N/A,F,Youth,12 to 17,35
932,2015,Crimes Against the Person,Other,N/A,F,Child,<12,64
933,2018,Crimes Against the Person,Robbery,N/A,M,Adult,35 to 44,250
934,2020,Crimes Against the Person,Assault,Other,F,Adult,65+,405
935,2022,Crimes Against the Person,Assault,Assault Peace Officer,M,Adult,35 to 44,42
936,2021,Crimes Against the Person,Robbery,N/A,M,Adult,35 to 44,147
937,2015,Crimes Against the Person,Assault,Assault Resist Arrest,F,Adult,25 to 34,16
938,2015,Crimes Against the Person,Robbery,N/A,F,Adult,65+,61
939,2016,Crimes Against the Person,Assault,Other,F,Adult,35 to 44,1311
940,2019,Crimes Against the Person,Sexual Violation,N/A,F,Adult,35 to 44,262
941,2016,Crimes Against the Person,Robbery,N/A,U,Adult,35 to 44,1
942,2017,Crimes Against the Person,Assault,Aggravated Peace Officer,M,Adult,35 to 44,1
943,2014,Crimes Against the Person,Assault,Assault Peace Officer Weapon/Bodily Harm,F,Adult,25 to 34,1
944,2019,Crimes Against the Person,Other,N/A,F,Child,<12,68
945,2023,Crimes Against the Person,Other,N/A,U,Adult,65+,3
946,2020,Crimes Against the Person,Robbery,N/A,F,Adult,55 to 64,65
947,2021,Crimes Against the Person,Other,N/A,M,Adult,65+,96
948,2019,Crimes Against the Person,Other,N/A,F,Adult,35 to 44,400
949,2021,Crimes Against the Person,Assault,Assault Peace Officer,F,Adult,65+,6
950,2018,Crimes Against the Person,Assault,Other,M,Adult,18 to 24,1294
951,2020,Crimes Against the Person,Robbery,N/A,F,Adult,35 to 44,102
952,2021,Crimes Against the Person,Assault,Other,U,Youth,12 to 17,2
953,2021,Crimes Against the Person,Other,N/A,F,Adult,65+,72
954,2015,Crimes Against the Person,Sexual Violation,N/A,F,Youth,12 to 17,410
955,2017,Crimes Against the Person,Sexual Violation,N/A,F,Adult,35 to 44,200
956,2016,Crimes Against the Person,Assault,Other,F,Adult,55 to 64,485
957,2016,Crimes Against the Person,Other,N/A,M,Adult,65+,94
958,2015,Crimes Against the Person,Other,N/A,F,Unknown,Unknown,78
959,2017,Crimes Against the Person,Assault,Assault Peace Officer Weapon/Bodily Harm,F,Unknown,Unknown,8
960,2021,Crimes Against the Person,Assault,Other,F,Child,<12,247
961,2019,Crimes Against the Person,Robbery,N/A,M,Adult,18 to 24,692
962,2023,Crimes Against the Person,Assault,Other,F,Child,<12,286
963,2018,Crimes Against the Person,Other,N/A,F,Youth,12 to 17,226
964,2022,Crimes Against the Person,Assault,Other,M,Adult,55 to 64,1085
965,2017,Crimes Against the Person,Robbery,N/A,F,Adult,45 to 54,141
966,2014,Crimes Against the Person,Other,N/A,M,Youth,12 to 17,164
967,2015,Crimes Against the Person,Assault,Assault Resist Arrest,M,Adult,25 to 34,84
968,2015,Crimes Against the Person,Other,N/A,U,Adult,35 to 44,1
969,2018,Crimes Against the Person,Robbery,N/A,F,Child,<12,6
970,2020,Crimes Against the Person,Other,N/A,U,Unknown,Unknown,11
971,2020,Crimes Against the Person,Assault,Assault Peace Officer,M,Adult,18 to 24,11
972,2016,Crimes Against the Person,Other,N/A,M,Adult,45 to 54,374
973,2018,Crimes Against the Person,Assault,Assault Resist Arrest,M,Adult,45 to 54,26
974,2019,Crimes Against the Person,Assault,Assault Peace Officer Weapon/Bodily Harm,M,Adult,65+,1
975,2021,Crimes Against the Person,Sexual Violation,N/A,U,Unknown,Unknown,4
976,2022,Crimes Against the Person,Assault,Assault Peace Officer Weapon/Bodily Harm,M,Adult,25 to 34,4
977,2016,Crimes Against the Person,Robbery,N/A,F,Adult,45 to 54,122
978,2018,Crimes Against the Person,Assault,Assault Resist Arrest,F,Youth,12 to 17,1
979,2014,Crimes Against the Person,Assault,Assault Resist Arrest,F,Adult,18 to 24,1
980,2017,Crimes Against the Person,Robbery,N/A,M,Adult,35 to 44,259
981,2022,Crimes Against the Person,Assault,Assault Peace Officer,F,Adult,18 to 24,5
982,2023,Crimes Against the Person,Assault,Assault Peace Officer Weapon/Bodily Harm,M,Adult,65+,17
983,2023,Crimes Against the Person,Other,N/A,F,Child,<12,78
984,2018,Crimes Against the Person,Robbery,N/A,M,Youth,12 to 17,537
985,2019,Crimes Against the Person,Other,N/A,F,Youth,12 to 17,215
986,2014,Crimes Against the Person,Assault,Other,M,Youth,12 to 17,559
987,2017,Crimes Against the Person,Sexual Violation,N/A,F,Adult,65+,37
988,2019,Crimes Against the Person,Assault,Assault Resist Arrest,F,Unknown,Unknown,5
989,2018,Crimes Against the Person,Other,N/A,M,Adult,35 to 44,405
990,2015,Crimes Against the Person,Assault,Other,F,Adult,25 to 34,2042
991,2021,Crimes Against the Person,Sexual Violation,N/A,F,Child,<12,287
992,2021,Crimes Against the Person,Other,N/A,F,Adult,35 to 44,371
993,2020,Crimes Against the Person,Assault,Other,M,Youth,12 to 17,354
994,2016,Crimes Against the Person,Other,N/A,U,Adult,45 to 54,1
995,2014,Crimes Against the Person,Other,N/A,M,Child,<12,75
996,2020,Crimes Against the Person,Assault,Assault Resist Arrest,F,Adult,35 to 44,4
997,2018,Crimes Against the Person,Other,N/A,M,Adult,55 to 64,251
998,2015,Crimes Against the Person,Assault,Assault Peace Officer,M,Unknown,Unknown,325
999,2018,Crimes Against the Person,Assault,Assault Peace Officer,M,Adult,18 to 24,4
1000,2017,Crimes Against the Person,Other,N/A,F,Child,<12,76
1001,2019,Crimes Against the Person,Other,N/A,U,Adult,25 to 34,1
1002,2018,Crimes Against the Person,Other,N/A,U,Adult,25 to 34,2
1003,2022,Crimes Against the Person,Other,N/A,U,Adult,55 to 64,1
1004,2018,Crimes Against the Person,Sexual Violation,N/A,U,Adult,45 to 54,1
1005,2021,Crimes Against the Person,Assault,Other,M,Adult,18 to 24,1080
1006,2020,Crimes Against the Person,Other,N/A,U,Youth,12 to 17,1
1007,2020,Crimes Against the Person,Sexual Violation,N/A,M,Unknown,Unknown,9
1008,2017,Crimes Against the Person,Other,N/A,M,Adult,65+,99
1009,2019,Crimes Against the Person,Assault,Assault Peace Officer Weapon/Bodily Harm,F,Adult,65+,1
1010,2014,Crimes Against the Person,Sexual Violation,N/A,F,Adult,18 to 24,477
1011,2022,Crimes Against the Person,Robbery,N/A,M,Adult,25 to 34,384
1012,2021,Crimes Against the Person,Assault,Other,U,Adult,55 to 64,1
1013,2014,Crimes Against the Person,Assault,Other,M,Child,<12,506
1014,2020,Crimes Against the Person,Assault,Assault Peace Officer,F,Adult,18 to 24,3
1015,2016,Crimes Against the Person,Assault,Assault Resist Arrest,F,Adult,55 to 64,1
1016,2019,Crimes Against the Person,Assault,Assault Peace Officer Weapon/Bodily Harm,U,Unknown,Unknown,3
1017,2020,Crimes Against the Person,Sexual Violation,N/A,F,Adult,65+,57
1018,2023,Crimes Against the Person,Robbery,N/A,M,Adult,45 to 54,175
1019,2021,Crimes Against the Person,Assault,Other,M,Youth,12 to 17,471
1020,2022,Crimes Against the Person,Assault,Other,M,Adult,35 to 44,1729
1021,2018,Crimes Against the Person,Assault,Other,M,Adult,35 to 44,1482
1022,2022,Crimes Against the Person,Sexual Violation,N/A,M,Adult,45 to 54,19
1023,2015,Crimes Against the Person,Assault,Other,F,Youth,12 to 17,510
1024,2021,Crimes Against the Person,Other,N/A,F,Child,<12,35
1025,2018,Crimes Against the Person,Assault,Aggravated Peace Officer,M,Unknown,Unknown,1
1026,2018,Crimes Against the Person,Sexual Violation,N/A,M,Adult,25 to 34,54
1027,2022,Crimes Against the Person,Assault,Assault Peace Officer Weapon/Bodily Harm,F,Adult,35 to 44,1
1028,2014,Crimes Against the Person,Robbery,N/A,U,Adult,25 to 34,2
1029,2018,Crimes Against the Person,Robbery,N/A,F,Adult,45 to 54,107
1030,2023,Crimes Against the Person,Assault,Assault Peace Officer,F,Adult,25 to 34,15
1031,2023,Crimes Against the Person,Assault,Other,U,Adult,25 to 34,8
1032,2020,Crimes Against the Person,Assault,Assault Peace Officer,F,Adult,35 to 44,8
1033,2019,Crimes Against the Person,Other,N/A,M,Adult,18 to 24,300
1034,2015,Crimes Against the Person,Robbery,N/A,M,Adult,45 to 54,227
1035,2020,Crimes Against the Person,Other,N/A,M,Adult,45 to 54,239
1036,2021,Crimes Against the Person,Assault,Assault Peace Officer,U,Unknown,Unknown,22
1037,2017,Crimes Against the Person,Robbery,N/A,M,Adult,18 to 24,727
1038,2021,Crimes Against the Person,Sexual Violation,N/A,M,Adult,35 to 44,27
1039,2018,Crimes Against the Person,Assault,Other,U,Unknown,Unknown,30
1040,2014,Crimes Against the Person,Assault,Assault Peace Officer Weapon/Bodily Harm,M,Adult,35 to 44,2
1041,2017,Crimes Against the Person,Sexual Violation,N/A,M,Adult,55 to 64,6
1042,2016,Crimes Against the Person,Assault,Assault Peace Officer,M,Adult,35 to 44,26
1043,2019,Crimes Against the Person,Assault,Assault Peace Officer,F,Adult,25 to 34,18
1044,2020,Crimes Against the Person,Other,N/A,M,Youth,12 to 17,93
1045,2021,Crimes Against the Person,Other,N/A,U,Adult,25 to 34,2
1046,2016,Crimes Against the Person,Assault,Assault Resist Arrest,F,Adult,45 to 54,2
1047,2014,Crimes Against the Person,Assault,Other,M,Adult,35 to 44,1141
1048,2014,Crimes Against the Person,Robbery,N/A,F,Youth,12 to 17,70
1049,2019,Crimes Against the Person,Sexual Violation,N/A,F,Adult,55 to 64,59
1050,2019,Crimes Against the Person,Assault,Assault Peace Officer Weapon/Bodily Harm,M,Adult,25 to 34,8
1051,2016,Crimes Against the Person,Other,N/A,U,Adult,18 to 24,1
1052,2021,Crimes Against the Person,Sexual Violation,N/A,M,Adult,45 to 54,19
1053,2020,Crimes Against the Person,Assault,Assault Peace Officer Weapon/Bodily Harm,F,Adult,55 to 64,1
1054,2023,Crimes Against the Person,Other,N/A,M,Adult,55 to 64,199
1055,2019,Crimes Against the Person,Assault,Assault Resist Arrest,M,Adult,18 to 24,81
1056,2015,Crimes Against the Person,Assault,Other,M,Child,<12,470
1057,2023,Crimes Against the Person,Robbery,N/A,M,Youth,12 to 17,358
1058,2016,Crimes Against the Person,Sexual Violation,N/A,F,Adult,55 to 64,56
1059,2017,Crimes Against the Person,Assault,Assault Peace Officer Weapon/Bodily Harm,M,Unknown,Unknown,30
1060,2023,Crimes Against the Person,Assault,Assault Peace Officer,M,Adult,55 to 64,14
1061,2023,Crimes Against the Person,Other,N/A,M,Adult,65+,101
1062,2020,Crimes Against the Person,Assault,Other,F,Adult,55 to 64,562
1063,2020,Crimes Against the Person,Robbery,N/A,M,Child,<12,4
1064,2020,Crimes Against the Person,Assault,Assault Resist Arrest,M,Adult,65+,1
1065,2014,Crimes Against the Person,Sexual Violation,N/A,M,Adult,55 to 64,7
1066,2023,Crimes Against the Person,Assault,Assault Peace Officer Weapon/Bodily Harm,M,Adult,25 to 34,14
1067,2016,Crimes Against the Person,Assault,Assault Resist Arrest,M,Adult,55 to 64,4
1068,2016,Crimes Against the Person,Assault,Other,M,Youth,12 to 17,624
1069,2021,Crimes Against the Person,Robbery,N/A,F,Adult,18 to 24,93
1070,2021,Crimes Against the Person,Assault,Assault Peace Officer,F,Unknown,Unknown,43
1071,2021,Crimes Against the Person,Other,N/A,U,Unknown,Unknown,6
1072,2020,Crimes Against the Person,Other,N/A,M,Unknown,Unknown,74
1073,2016,Crimes Against the Person,Robbery,N/A,F,Youth,12 to 17,77
1074,2023,Crimes Against the Person,Assault,Assault Resist Arrest,M,Adult,65+,13
1075,2019,Crimes Against the Person,Assault,Aggravated Peace Officer,M,Unknown,Unknown,1
1076,2023,Crimes Against the Person,Assault,Other,F,Youth,12 to 17,690
1077,2018,Crimes Against the Person,Assault,Assault Peace Officer Weapon/Bodily Harm,F,Adult,45 to 54,1
1078,2016,Crimes Against the Person,Assault,Assault Peace Officer,M,Unknown,Unknown,276
1079,2017,Crimes Against the Person,Assault,Aggravated Peace Officer,F,Adult,65+,1
1080,2015,Crimes Against the Person,Sexual Violation,N/A,M,Adult,65+,9
1081,2023,Crimes Against the Person,Assault,Assault Peace Officer,F,Adult,45 to 54,7
1082,2020,Crimes Against the Person,Sexual Violation,N/A,U,Unknown,Unknown,2
1083,2022,Crimes Against the Person,Assault,Assault Peace Officer,M,Adult,45 to 54,44
1084,2016,Crimes Against the Person,Robbery,N/A,M,Adult,18 to 24,704
1085,2016,Crimes Against the Person,Robbery,N/A,F,Adult,18 to 24,191
1086,2019,Crimes Against the Person,Assault,Assault Peace Officer Weapon/Bodily Harm,M,Unknown,Unknown,34
1087,2016,Crimes Against the Person,Assault,Assault Peace Officer Weapon/Bodily Harm,F,Adult,35 to 44,2
1088,2017,Crimes Against the Person,Robbery,N/A,F,Adult,65+,46
1089,2016,Crimes Against the Person,Other,N/A,F,Adult,35 to 44,515
1090,2021,Crimes Against the Person,Assault,Assault Peace Officer Weapon/Bodily Harm,M,Adult,35 to 44,2
1091,2017,Crimes Against the Person,Sexual Violation,N/A,M,Adult,45 to 54,18
1092,2015,Crimes Against the Person,Robbery,N/A,M,Adult,25 to 34,403
1093,2021,Crimes Against the Person,Sexual Violation,N/A,U,Child,<12,1
1094,2021,Crimes Against the Person,Other,N/A,U,Adult,65+,1
1095,2015,Crimes Against the Person,Assault,Assault Peace Officer Weapon/Bodily Harm,M,Adult,18 to 24,1
1096,2022,Crimes Against the Person,Assault,Other,U,Adult,18 to 24,3
1097,2014,Crimes Against the Person,Assault,Assault Peace Officer,F,Adult,18 to 24,1
1098,2023,Crimes Against the Person,Assault,Assault Peace Officer,F,Adult,55 to 64,2
1099,2017,Crimes Against the Person,Assault,Other,M,Adult,55 to 64,802
1100,2021,Crimes Against the Person,Assault,Other,U,Unknown,Unknown,57
1101,2014,Crimes Against the Person,Sexual Violation,N/A,M,Child,<12,106
1102,2014,Crimes Against the Person,Robbery,N/A,F,Adult,45 to 54,138
1103,2016,Crimes Against the Person,Assault,Assault Peace Officer,F,Adult,45 to 54,6
1104,2018,Crimes Against the Person,Assault,Assault Resist Arrest,M,Adult,18 to 24,59
1105,2023,Crimes Against the Person,Assault,Assault Resist Arrest,M,Adult,55 to 64,5
1106,2023,Crimes Against the Person,Assault,Assault Resist Arrest,F,Unknown,Unknown,9
1107,2020,Crimes Against the Person,Other,N/A,M,Adult,65+,60
1108,2020,Crimes Against the Person,Assault,Assault Peace Officer Weapon/Bodily Harm,M,Unknown,Unknown,43
1109,2017,Crimes Against the Person,Assault,Assault Resist Arrest,M,Adult,65+,4
1110,2017,Crimes Against the Person,Assault,Other,U,Child,<12,10
1111,2020,Crimes Against the Person,Assault,Assault Resist Arrest,M,Adult,18 to 24,36
1112,2018,Crimes Against the Person,Robbery,N/A,F,Youth,12 to 17,57
1113,2022,Crimes Against the Person,Sexual Violation,N/A,M,Adult,35 to 44,40
1114,2020,Crimes Against the Person,Sexual Violation,N/A,M,Child,<12,86
1115,2023,Crimes Against the Person,Assault,Other,F,Adult,55 to 64,725
1116,2017,Crimes Against the Person,Other,N/A,F,Adult,18 to 24,459
1117,2016,Crimes Against the Person,Assault,Assault Resist Arrest,U,Unknown,Unknown,2
1118,2022,Crimes Against the Person,Robbery,N/A,F,Adult,25 to 34,203
1119,2022,Crimes Against the Person,Assault,Other,U,Adult,25 to 34,12
1120,2018,Crimes Against the Person,Sexual Violation,N/A,M,Adult,45 to 54,17
1121,2015,Crimes Against the Person,Robbery,N/A,M,Adult,35 to 44,199
1122,2019,Crimes Against the Person,Sexual Violation,N/A,M,Adult,25 to 34,63
1123,2019,Crimes Against the Person,Assault,Assault Resist Arrest,F,Adult,35 to 44,2
1124,2017,Crimes Against the Person,Assault,Assault Peace Officer,F,Adult,35 to 44,11
1125,2014,Crimes Against the Person,Assault,Assault Peace Officer Weapon/Bodily Harm,F,Adult,35 to 44,1
1126,2015,Crimes Against the Person,Robbery,N/A,F,Adult,18 to 24,189
1127,2015,Crimes Against the Person,Assault,Assault Resist Arrest,M,Adult,55 to 64,3
1128,2022,Crimes Against the Person,Assault,Assault Peace Officer,M,Unknown,Unknown,268
1129,2019,Crimes Against the Person,Assault,Other,M,Child,<12,505
1130,2022,Crimes Against the Person,Assault,Other,M,Adult,25 to 34,2276
1131,2021,Crimes Against the Person,Sexual Violation,N/A,F,Adult,25 to 34,488
1132,2017,Crimes Against the Person,Assault,Other,M,Adult,35 to 44,1307
1133,2023,Crimes Against the Person,Other,N/A,M,Adult,18 to 24,250
1134,2018,Crimes Against the Person,Other,N/A,F,Adult,45 to 54,344
1135,2018,Crimes Against the Person,Assault,Assault Peace Officer,F,Adult,35 to 44,9
1136,2019,Crimes Against the Person,Assault,Assault Peace Officer,M,Adult,55 to 64,15
1137,2014,Crimes Against the Person,Sexual Violation,N/A,F,Adult,45 to 54,103
1138,2017,Crimes Against the Person,Other,N/A,M,Adult,55 to 64,215
1139,2022,Crimes Against the Person,Robbery,N/A,F,Adult,55 to 64,85
1140,2016,Crimes Against the Person,Assault,Assault Resist Arrest,U,Adult,25 to 34,1
1141,2022,Crimes Against the Person,Assault,Assault Resist Arrest,M,Adult,55 to 64,6
1142,2020,Crimes Against the Person,Assault,Other,U,Adult,25 to 34,7
1143,2016,Crimes Against the Person,Sexual Violation,N/A,F,Youth,12 to 17,433
1144,2018,Crimes Against the Person,Assault,Assault Peace Officer,M,Adult,25 to 34,66
1145,2018,Crimes Against the Person,Assault,Other,F,Child,<12,308
1146,2020,Crimes Against the Person,Robbery,N/A,M,Adult,18 to 24,447
1147,2019,Crimes Against the Person,Assault,Assault Resist Arrest,M,Unknown,Unknown,62
1148,2014,Crimes Against the Person,Other,N/A,M,Adult,65+,95
1149,2020,Crimes Against the Person,Assault,Aggravated Peace Officer,M,Unknown,Unknown,2
1150,2022,Crimes Against the Person,Sexual Violation,N/A,U,Unknown,Unknown,4
1151,2014,Crimes Against the Person,Assault,Other,M,Adult,55 to 64,612
1152,2014,Crimes Against the Person,Other,N/A,F,Child,<12,68
1153,2017,Crimes Against the Person,Assault,Other,F,Youth,12 to 17,602
1154,2020,Crimes Against the Person,Assault,Assault Peace Officer,M,Adult,55 to 64,12
1155,2020,Crimes Against the Person,Assault,Assault Peace Officer,F,Unknown,Unknown,64
1156,2023,Crimes Against the Person,Assault,Other,M,Unknown,Unknown,137
1157,2021,Crimes Against the Person,Assault,Assault Peace Officer Weapon/Bodily Harm,F,Adult,25 to 34,2
1158,2018,Crimes Against the Person,Assault,Other,M,Adult,55 to 64,918
1159,2018,Crimes Against the Person,Assault,Other,U,Adult,35 to 44,1
1160,2017,Crimes Against the Person,Other,N/A,F,Adult,25 to 34,708
1161,2016,Crimes Against the Person,Assault,Assault Resist Arrest,F,Adult,35 to 44,11
1162,2022,Crimes Against the Person,Robbery,N/A,F,Adult,45 to 54,101
1163,2015,Crimes Against the Person,Sexual Violation,N/A,M,Adult,55 to 64,4
1164,2018,Crimes Against the Person,Other,N/A,U,Unknown,Unknown,10
1165,2022,Crimes Against the Person,Assault,Assault Peace Officer,F,Unknown,Unknown,51
1166,2019,Crimes Against the Person,Sexual Violation,N/A,F,Adult,65+,65
1167,2020,Crimes Against the Person,Sexual Violation,N/A,F,Adult,35 to 44,222
1168,2015,Crimes Against the Person,Sexual Violation,N/A,M,Youth,12 to 17,70
1169,2014,Crimes Against the Person,Sexual Violation,N/A,M,Adult,35 to 44,9
1170,2014,Crimes Against the Person,Assault,Assault Resist Arrest,M,Adult,45 to 54,14
1171,2015,Crimes Against the Person,Assault,Other,F,Adult,45 to 54,975
1172,2019,Crimes Against the Person,Robbery,N/A,M,Adult,35 to 44,245
1173,2020,Crimes Against the Person,Other,N/A,F,Adult,25 to 34,481
1174,2014,Crimes Against the Person,Assault,Other,F,Adult,65+,287
1175,2022,Crimes Against the Person,Assault,Aggravated Peace Officer,M,Adult,25 to 34,1
1176,2019,Crimes Against the Person,Sexual Violation,N/A,M,Youth,12 to 17,90
1177,2015,Crimes Against the Person,Assault,Other,F,Adult,65+,305
1178,2023,Crimes Against the Person,Other,N/A,U,Adult,35 to 44,1
1179,2023,Crimes Against the Person,Sexual Violation,N/A,F,Adult,18 to 24,516
1180,2018,Crimes Against the Person,Robbery,N/A,U,Adult,18 to 24,1
1181,2019,Crimes Against the Person,Assault,Assault Resist Arrest,F,Adult,45 to 54,1
1182,2019,Crimes Against the Person,Robbery,N/A,F,Unknown,Unknown,7
1183,2022,Crimes Against the Person,Robbery,N/A,M,Adult,55 to 64,162
1184,2015,Crimes Against the Person,Assault,Assault Resist Arrest,F,Unknown,Unknown,7
1185,2016,Crimes Against the Person,Assault,Other,F,Adult,25 to 34,2011
1186,2015,Crimes Against the Person,Assault,Other,M,Youth,12 to 17,545
1187,2018,Crimes Against the Person,Sexual Violation,N/A,F,Youth,12 to 17,516
1188,2023,Crimes Against the Person,Other,N/A,F,Adult,25 to 34,561
1189,2022,Crimes Against the Person,Sexual Violation,N/A,F,Adult,35 to 44,287
1190,2016,Crimes Against the Person,Sexual Violation,N/A,U,Adult,18 to 24,1
1191,2015,Crimes Against the Person,Assault,Other,F,Child,<12,296
1192,2016,Crimes Against the Person,Assault,Assault Peace Officer Weapon/Bodily Harm,F,Unknown,Unknown,13
1193,2020,Crimes Against the Person,Other,N/A,F,Unknown,Unknown,40
1194,2018,Crimes Against the Person,Other,N/A,F,Adult,25 to 34,633
1195,2019,Crimes Against the Person,Assault,Assault Resist Arrest,M,Adult,55 to 64,12
1196,2021,Crimes Against the Person,Assault,Assault Peace Officer,F,Adult,25 to 34,16
1197,2017,Crimes Against the Person,Assault,Assault Peace Officer Weapon/Bodily Harm,M,Adult,35 to 44,8
1198,2020,Crimes Against the Person,Robbery,N/A,F,Adult,18 to 24,135
1199,2021,Crimes Against the Person,Robbery,N/A,M,Adult,65+,70
1200,2021,Crimes Against the Person,Assault,Other,M,Adult,45 to 54,1268
1201,2021,Crimes Against the Person,Sexual Violation,N/A,M,Unknown,Unknown,5
1202,2014,Crimes Against the Person,Sexual Violation,N/A,F,Adult,35 to 44,154
1203,2021,Crimes Against the Person,Sexual Violation,N/A,M,Child,<12,76
1204,2014,Crimes Against the Person,Other,N/A,M,Adult,45 to 54,356
1205,2019,Crimes Against the Person,Assault,Other,F,Youth,12 to 17,599
1206,2017,Crimes Against the Person,Assault,Assault Resist Arrest,F,Adult,35 to 44,3
1207,2021,Crimes Against the Person,Assault,Assault Resist Arrest,F,Adult,25 to 34,6
1208,2020,Crimes Against the Person,Assault,Other,F,Unknown,Unknown,73
1209,2023,Crimes Against the Person,Assault,Other,F,Unknown,Unknown,72
1210,2020,Crimes Against the Person,Other,N/A,F,Adult,18 to 24,315
1211,2014,Crimes Against the Person,Sexual Violation,N/A,F,Adult,25 to 34,357
1212,2017,Crimes Against the Person,Assault,Other,F,Adult,45 to 54,999
1213,2022,Crimes Against the Person,Assault,Other,F,Adult,35 to 44,1747
1214,2021,Crimes Against the Person,Robbery,N/A,M,Adult,55 to 64,125
1215,2022,Crimes Against the Person,Other,N/A,U,Unknown,Unknown,5
1216,2023,Crimes Against the Person,Other,N/A,U,Adult,25 to 34,2
1217,2014,Crimes Against the Person,Sexual Violation,N/A,M,Adult,18 to 24,23
1218,2021,Crimes Against the Person,Assault,Other,F,Adult,18 to 24,1297
1219,2022,Crimes Against the Person,Assault,Assault Peace Officer Weapon/Bodily Harm,M,Adult,65+,11
1220,2023,Crimes Against the Person,Other,N/A,F,Unknown,Unknown,28
1221,2023,Crimes Against the Person,Assault,Assault Resist Arrest,M,Unknown,Unknown,35
1222,2019,Crimes Against the Person,Assault,Assault Peace Officer Weapon/Bodily Harm,F,Unknown,Unknown,10
1223,2023,Crimes Against the Person,Robbery,N/A,U,Adult,25 to 34,2
1224,2020,Crimes Against the Person,Assault,Assault Resist Arrest,M,Adult,25 to 34,39
1225,2015,Crimes Against the Person,Assault,Other,M,Adult,55 to 64,683
1226,2021,Crimes Against the Person,Sexual Violation,N/A,M,Adult,65+,14
1227,2020,Crimes Against the Person,Assault,Assault Peace Officer,M,Adult,45 to 54,21
1228,2016,Crimes Against the Person,Robbery,N/A,U,Adult,18 to 24,1
1229,2014,Crimes Against the Person,Robbery,N/A,M,Adult,35 to 44,224
1230,2022,Crimes Against the Person,Assault,Assault Peace Officer,M,Adult,65+,53
1231,2020,Crimes Against the Person,Assault,Other,M,Adult,45 to 54,1267
1232,2015,Crimes Against the Person,Assault,Assault Peace Officer Weapon/Bodily Harm,F,Adult,25 to 34,1
1233,2022,Crimes Against the Person,Other,N/A,M,Adult,18 to 24,183
1234,2023,Crimes Against the Person,Assault,Assault Resist Arrest,F,Youth,12 to 17,1
1235,2019,Crimes Against the Person,Sexual Violation,N/A,M,Unknown,Unknown,4
1236,2017,Crimes Against the Person,Other,N/A,M,Youth,12 to 17,173
1237,2016,Crimes Against the Person,Sexual Violation,N/A,M,Youth,12 to 17,48
1238,2022,Crimes Against the Person,Sexual Violation,N/A,U,Adult,25 to 34,3
1239,2019,Crimes Against the Person,Other,N/A,F,Unknown,Unknown,74
1240,2016,Crimes Against the Person,Robbery,N/A,M,Unknown,Unknown,45
1241,2016,Crimes Against the Person,Other,N/A,F,Adult,65+,102
1242,2020,Crimes Against the Person,Assault,Other,U,Adult,65+,1
1243,2021,Crimes Against the Person,Assault,Assault Peace Officer,F,Adult,55 to 64,3
1244,2018,Crimes Against the Person,Other,N/A,U,Adult,18 to 24,1
